"";"Cenario.x";"Replicacao";"Soma_DespesaTurnoverDescontado.x";"Soma_DespesaAbsenteismoDescontado.x";"Soma_DespesaMultasDescontado.x";"Soma_DespesaAcoesRegressivasINSSDescontado.x";"Soma_DespesaFAPDescontado.x";"Soma_DespesasImagemContratacaoDescontado.x";"Soma_DespesasReabilitacaoDescontado.x";"Soma_DespesasPlanodeSaudeDescontado.x";"Soma_DespesasReclamatoriasDescontado.x";"Soma_DespesasClimaDescontado.x";"Soma_DespesasMedicasDescontado.x";"Soma_DespesasRefugoERetrabalhoDescontado.x";"Soma_DespesasMPInsumosDescontado.x";"Soma_DespesaPresenteismoDescontado.x";"Soma_DespesasInterrupcaoAcidentesDescontado.x";"Soma_DespesasInterdicaoFiscalizacaoDescontado.x";"Soma_GanhoQualidadeDescontado.x";"Soma_GanhoProdutividadeDescontado.x";"Soma_DespesasSeguroPatrimonialDescontado.x";"Cenario.y";"Soma_DespesaTurnoverDescontado.y";"Soma_DespesaAbsenteismoDescontado.y";"Soma_DespesaMultasDescontado.y";"Soma_DespesaAcoesRegressivasINSSDescontado.y";"Soma_DespesaFAPDescontado.y";"Soma_DespesasImagemContratacaoDescontado.y";"Soma_DespesasReabilitacaoDescontado.y";"Soma_DespesasPlanodeSaudeDescontado.y";"Soma_DespesasReclamatoriasDescontado.y";"Soma_DespesasClimaDescontado.y";"Soma_DespesasMedicasDescontado.y";"Soma_DespesasRefugoERetrabalhoDescontado.y";"Soma_DespesasMPInsumosDescontado.y";"Soma_DespesaPresenteismoDescontado.y";"Soma_DespesasInterrupcaoAcidentesDescontado.y";"Soma_DespesasInterdicaoFiscalizacaoDescontado.y";"Soma_GanhoQualidadeDescontado.y";"Soma_GanhoProdutividadeDescontado.y";"Soma_DespesasSeguroPatrimonialDescontado.y";"CustoTotalCBR";"BeneficioTurnover";"BeneficioAbsenteismo";"BeneficioMultas";"BeneficioAcoesRegressivasINSS";"BeneficioFAP";"BeneficioImagemContratacao";"BeneficioReabilitacao";"BeneficioPlanodeSaude";"BeneficioReclamatorias";"BeneficioClima";"BeneficioDespesasMedicas";"BeneficioRefugoERetrabalho";"BeneficioMPInsumos";"BeneficioPresenteismo";"BeneficioInterrupcaoAcidentes";"BeneficioInterdicaoFiscalizacao";"BeneficioGanhoQualidade";"BeneficioGanhoProdutividade";"BeneficioSeguroPatrimonial";"BeneficioTotalCBR";"RazaoBeneficioCusto"
"1";"ASIS";3;0;0;0;0;-437476,658390904;0;0;-136108,526452579;0;0;-18032,5341826922;0;0;0;0;0;0;0;0;"Iniciativa1";0;0;0;0;-437476,658390904;0;0;-160353,803808055;0;0;-19558,8583770708;0;0;0;0;0;0;0;0;165226,520661157;0;0;0;0;0;0;0;-24245,2773554763;0;0;-1526,32419437862;0;0;0;0;0;0;0;0;-25771,6015498549;-0,155977390595222
"2";"ASIS";3;0;0;0;0;-437476,658390904;0;0;-136108,526452579;0;0;-18032,5341826922;0;0;0;0;0;0;0;0;"Iniciativa2";0;0;0;0;-437476,658390904;0;0;-153039,438266568;0;0;-17521,4772961259;0;0;0;0;0;0;0;0;12103,305785124;0;0;0;0;0;0;0;-16930,9118139893;0;0;511,056886566254;0;0;0;0;0;0;0;0;-16419,8549274231;-1,35664216197896
"3";"ASIS";4;0;0;0;0;-437471,903631639;0;0;-152297,915810419;0;0;-22564,241774098;0;0;0;0;0;0;0;0;"Iniciativa1";0;0;0;0;-437471,903631639;0;0;-160353,803808055;0;0;-22802,4142562348;0;0;0;0;0;0;0;0;165226,520661157;0;0;0;0;0;0;0;-8055,88799763584;0;0;-238,172482136782;0;0;0;0;0;0;0;0;-8294,06047977263;-0,0501981185985385
"4";"ASIS";6;0;0;0;0;-449122,736793059;0;0;-144802,496832303;0;0;-25652,7525923695;0;0;0;0;0;0;0;0;"Iniciativa1";0;0;0;0;-437485,421199782;0;0;-160353,803808055;0;0;-22714,4817160527;0;0;0;0;0;0;0;0;165226,520661157;0;0;0;0;11637,3155932768;0;0;-15551,3069757521;0;0;2938,27087631679;0;0;0;0;0;0;0;0;-975,720506158512;-0,00590535043801775
"5";"ASIS";8;0;0;0;0;-437475,774068297;0;0;-128104,531147115;0;0;-13046,8056749824;0;0;0;0;0;0;0;0;"Iniciativa1";0;0;0;0;-437475,774068297;0;0;-160353,803808055;0;0;-15239,4842585203;0;0;0;0;0;0;0;0;165226,520661157;0;0;0;0;0;0;0;-32249,2726609406;0;0;-2192,67858353793;0;0;0;0;0;0;0;0;-34441,9512444785;-0,208452923336147
"6";"ASIS";8;0;0;0;0;-437475,774068297;0;0;-128104,531147115;0;0;-13046,8056749824;0;0;0;0;0;0;0;0;"Iniciativa2";0;0;0;0;-437475,774068297;0;0;-153039,438266568;0;0;-13652,0379815911;0;0;0;0;0;0;0;0;12103,305785124;0;0;0;0;0;0;0;-24934,9071194537;0;0;-605,232306608728;0;0;0;0;0;0;0;0;-25540,1394260624;-2,11017881225917
"7";"ASIS";12;0;0;0;0;-408392,132216591;0;0;-177715,99150224;0;0;-25067,6959451546;0;0;0;0;0;0;0;0;"Iniciativa1";0;0;0;0;-437461,168239799;0;0;-160353,803808055;0;0;-20518,4823333994;0;0;0;0;0;0;0;0;165226,520661157;0;0;0;0;-29069,0360232079;0;0;17362,1876941845;0;0;4549,21361175523;0;0;0;0;0;0;0;0;-7157,6347172682;-0,0433201321956475
"8";"ASIS";17;0;0;0;0;-437474,751242328;0;0;-144494,474684928;0;0;-16480,4932906741;0;0;0;0;0;0;0;0;"Iniciativa1";0;0;0;0;-437474,751242328;0;0;-160353,803808055;0;0;-18970,6532554181;0;0;0;0;0;0;0;0;165226,520661157;0;0;0;0;0;0;0;-15859,3291231274;0;0;-2490,15996474409;0;0;0;0;0;0;0;0;-18349,4890878715;-0,11105656049916
"9";"ASIS";17;0;0;0;0;-437474,751242328;0;0;-144494,474684928;0;0;-16480,4932906741;0;0;0;0;0;0;0;0;"Iniciativa2";0;0;0;0;-437474,751242328;0;0;-153039,438266568;0;0;-16994,5435413121;0;0;0;0;0;0;0;0;12103,305785124;0;0;0;0;0;0;0;-8544,96358164051;0;0;-514,050250638029;0;0;0;0;0;0;0;0;-9059,01383227854;-0,748474341895325
"10";"ASIS";21;0;0;0;0;-437481,058344973;0;0;-155315,830080617;0;0;-27061,901426364;0;0;0;0;0;0;0;0;"Iniciativa1";0;0;0;0;-437481,058344973;0;0;-160353,803808055;0;0;-25385,3405048901;0;0;0;0;0;0;0;0;165226,520661157;0;0;0;0;0;0;0;-5037,97372743781;0;0;1676,56092147392;0;0;0;0;0;0;0;0;-3361,4128059639;-0,020344269143435
"11";"ASIS";24;0;0;0;0;-449121,85993102;0;0;-135967,882525107;0;0;-23687,8196917355;0;0;0;0;0;0;0;0;"Iniciativa1";0;0;0;0;-437484,794869754;0;0;-160353,803808055;0;0;-22053,1361644745;0;0;0;0;0;0;0;0;165226,520661157;0;0;0;0;11637,0650612655;0;0;-24385,921282948;0;0;1634,68352726092;0;0;0;0;0;0;0;0;-11114,1726944216;-0,0672662757161985
"12";"ASIS";24;0;0;0;0;-449121,85993102;0;0;-135967,882525107;0;0;-23687,8196917355;0;0;0;0;0;0;0;0;"Iniciativa2";0;0;0;0;-437484,794869754;0;0;-153039,438266568;0;0;-19755,9344806751;0;0;0;0;0;0;0;0;12103,305785124;0;0;0;0;11637,0650612655;0;0;-17071,5557414611;0;0;3931,88521106035;0;0;0;0;0;0;0;0;-1502,60546913522;-0,124148352178465
"13";"ASIS";29;0;0;0;0;-420021,246461757;0;0;-173230,59352941;0;0;-25258,2603510324;0;0;0;0;0;0;0;0;"Iniciativa1";0;0;0;0;-437464,917829508;0;0;-160353,803808055;0;0;-23446,4031360088;0;0;0;0;0;0;0;0;165226,520661157;0;0;0;0;-17443,6713677503;0;0;12876,7897213546;0;0;1811,85721502362;0;0;0;0;0;0;0;0;-2755,02443137207;-0,0166742265124738
"14";"ASIS";30;0;0;0;0;-437471,123725471;0;0;-139716,438756771;0;0;-16754,4820691;0;0;0;0;0;0;0;0;"Iniciativa1";0;0;0;0;-437471,123725471;0;0;-160353,803808055;0;0;-18746,2829142501;0;0;0;0;0;0;0;0;165226,520661157;0;0;0;0;0;0;0;-20637,3650512845;0;0;-1991,80084515016;0;0;0;0;0;0;0;0;-22629,1658964346;-0,136958436247907
"15";"ASIS";30;0;0;0;0;-437471,123725471;0;0;-139716,438756771;0;0;-16754,4820691;0;0;0;0;0;0;0;0;"Iniciativa2";0;0;0;0;-437471,123725471;0;0;-153039,438266568;0;0;-16793,5451106824;0;0;0;0;0;0;0;0;12103,305785124;0;0;0;0;0;0;0;-13322,9995097975;0;0;-39,063041582438;0;0;0;0;0;0;0;0;-13362,06255138;-1,10400107116216
"16";"ASIS";32;0;0;0;0;-420020,112227296;0;0;-166224,088139274;0;0;-20576,1098036345;0;0;0;0;0;0;0;0;"Iniciativa1";0;0;0;0;-437462,082243355;0;0;-160353,803808055;0;0;-15967,0376491668;0;0;0;0;0;0;0;0;165226,520661157;0;0;0;0;-17441,9700160588;0;0;5870,28433121895;0;0;4609,07215446765;0;0;0;0;0;0;0;0;-6962,61353037217;-0,0421398060221273
"17";"ASIS";33;0;0;0;0;-437472,622214228;0;0;-141678,614312451;0;0;-24266,4661103108;0;0;0;0;0;0;0;0;"Iniciativa1";0;0;0;0;-437472,622214228;0;0;-160353,803808055;0;0;-21675,8604372452;0;0;0;0;0;0;0;0;165226,520661157;0;0;0;0;0;0;0;-18675,1894956038;0;0;2590,60567306562;0;0;0;0;0;0;0;0;-16084,5838225381;-0,0973486808181603
"18";"ASIS";33;0;0;0;0;-437472,622214228;0;0;-141678,614312451;0;0;-24266,4661103108;0;0;0;0;0;0;0;0;"Iniciativa2";0;0;0;0;-437472,622214228;0;0;-153039,438266568;0;0;-19417,9583083655;0;0;0;0;0;0;0;0;12103,305785124;0;0;0;0;0;0;0;-11360,8239541168;0;0;4848,50780194533;0;0;0;0;0;0;0;0;-6512,31615217152;-0,538060945314273
"19";"ASIS";34;0;0;0;0;-437469,682019944;0;0;-157451,433287684;0;0;-18910,2220495265;0;0;0;0;0;0;0;0;"Iniciativa1";0;0;0;0;-437469,682019944;0;0;-160353,803808055;0;0;-20685,5477310135;0;0;0;0;0;0;0;0;165226,520661157;0;0;0;0;0;0;0;-2902,37052037119;0;0;-1775,325681487;0;0;0;0;0;0;0;0;-4677,69620185819;-0,0283108073881862
"20";"ASIS";37;0;0;0;0;-420022,068904767;0;0;-135357,807089905;0;0;-12076,6684645232;0;0;0;0;0;0;0;0;"Iniciativa1";0;0;0;0;-437466,973937032;0;0;-160353,803808055;0;0;-15535,6927825103;0;0;0;0;0;0;0;0;165226,520661157;0;0;0;0;-17444,9050322648;0;0;-24995,9967181502;0;0;-3459,02431798702;0;0;0;0;0;0;0;0;-45899,926068402;-0,277799991700682
"21";"ASIS";37;0;0;0;0;-420022,068904767;0;0;-135357,807089905;0;0;-12076,6684645232;0;0;0;0;0;0;0;0;"Iniciativa2";0;0;0;0;-437466,973937032;0;0;-153039,438266568;0;0;-13917,3914509988;0;0;0;0;0;0;0;0;12103,305785124;0;0;0;0;-17444,9050322648;0;0;-17681,6311766633;0;0;-1840,72298647554;0;0;0;0;0;0;0;0;-36967,2591954036;-3,05431093386401
"22";"ASIS";38;0;0;0;0;-420021,791087649;0;0;-137460,216262949;0;0;-13002,8961184095;0;0;0;0;0;0;0;0;"Iniciativa1";0;0;0;0;-437466,279394235;0;0;-160353,803808055;0;0;-16005,6612388474;0;0;0;0;0;0;0;0;165226,520661157;0;0;0;0;-17444,4883065869;0;0;-22893,5875451058;0;0;-3002,76512043787;0;0;0;0;0;0;0;0;-43340,8409721306;-0,26231164826749
"23";"ASIS";38;0;0;0;0;-420021,791087649;0;0;-137460,216262949;0;0;-13002,8961184095;0;0;0;0;0;0;0;0;"Iniciativa2";0;0;0;0;-437466,279394235;0;0;-153039,438266568;0;0;-14338,4048598008;0;0;0;0;0;0;0;0;12103,305785124;0;0;0;0;-17444,4883065869;0;0;-15579,2220036189;0;0;-1335,50874139126;0;0;0;0;0;0;0;0;-34359,2190515971;-2,83882929685439
"24";"ASIS";39;0;0;0;0;-420022,718780127;0;0;-149217,534884558;0;0;-16436,5782881925;0;0;0;0;0;0;0;0;"Iniciativa1";0;0;0;0;-437468,598625433;0;0;-160353,803808055;0;0;-17193,4041918205;0;0;0;0;0;0;0;0;165226,520661157;0;0;0;0;-17445,8798453053;0;0;-11136,2689234968;0;0;-756,825903627927;0;0;0;0;0;0;0;0;-29338,97467243;-0,177568192775769
"25";"ASIS";39;0;0;0;0;-420022,718780127;0;0;-149217,534884558;0;0;-16436,5782881925;0;0;0;0;0;0;0;0;"Iniciativa2";0;0;0;0;-437468,598625433;0;0;-153039,438266568;0;0;-15402,4245885058;0;0;0;0;0;0;0;0;12103,305785124;0;0;0;0;-17445,8798453053;0;0;-3821,90338200986;0;0;1034,1536996867;0;0;0;0;0;0;0;0;-20233,6295276284;-1,67174405793311
"26";"ASIS";40;0;0;0;0;-437478,319049665;0;0;-155457,682481403;0;0;-30623,5443627074;0;0;0;0;0;0;0;0;"Iniciativa1";0;0;0;0;-437478,319049665;0;0;-160353,803808055;0;0;-26690,3989803985;0;0;0;0;0;0;0;0;165226,520661157;0;0;0;0;0;0;0;-4896,1213266523;0;0;3933,14538230896;0;0;0;0;0;0;0;0;-962,975944343336;-0,00582821656287362
"27";"ASIS";44;0;0;0;0;-420021,294943101;0;0;-174237,763759547;0;0;-26229,2138817586;0;0;0;0;0;0;0;0;"Iniciativa1";0;0;0;0;-437465,039032866;0;0;-160353,803808055;0;0;-23955,1800607298;0;0;0;0;0;0;0;0;165226,520661157;0;0;0;0;-17443,7440897655;0;0;13883,9599514918;0;0;2274,03382102884;0;0;0;0;0;0;0;0;-1285,75031724487;-0,00778174297987948
"28";"ASIS";46;0;0;0;0;-437477,707145698;0;0;-120413,405841179;0;0;-19983,1408088766;0;0;0;0;0;0;0;0;"Iniciativa1";0;0;0;0;-437477,707145698;0;0;-160353,803808055;0;0;-18614,2008626373;0;0;0;0;0;0;0;0;165226,520661157;0;0;0;0;0;0;0;-39940,397966876;0;0;1368,93994623928;0;0;0;0;0;0;0;0;-38571,4580206368;-0,233445925425848
"29";"ASIS";46;0;0;0;0;-437477,707145698;0;0;-120413,405841179;0;0;-19983,1408088766;0;0;0;0;0;0;0;0;"Iniciativa2";0;0;0;0;-437477,707145698;0;0;-153039,438266568;0;0;-16675,2216061126;0;0;0;0;0;0;0;0;12103,305785124;0;0;0;0;0;0;0;-32626,0324253891;0;0;3307,91920276399;0;0;0;0;0;0;0;0;-29318,1132226251;-2,42232277223465
"30";"ASIS";49;0;0;0;0;-449122,913729418;0;0;-138816,372865704;0;0;-25328,4824603056;0;0;0;0;0;0;0;0;"Iniciativa1";0;0;0;0;-437485,547582896;0;0;-160353,803808055;0;0;-23118,6507218933;0;0;0;0;0;0;0;0;165226,520661157;0;0;0;0;11637,366146522;0;0;-21537,430942351;0;0;2209,83173841233;0;0;0;0;0;0;0;0;-7690,23305741671;-0,0465435756114944
"31";"ASIS";51;0;0;0;0;-437478,102119474;0;0;-159597,314855305;0;0;-25497,84141851;0;0;0;0;0;0;0;0;"Iniciativa1";0;0;0;0;-437478,102119474;0;0;-160353,803808055;0;0;-24809,8315363801;0;0;0;0;0;0;0;0;165226,520661157;0;0;0;0;0;0;0;-756,488952749671;0;0;688,009882129863;0;0;0;0;0;0;0;0;-68,4790706198073;-0,00041445568390466
"32";"ASIS";52;0;0;0;0;-449129,552340949;0;0;-142776,841078639;0;0;-29643,107351253;0;0;0;0;0;0;0;0;"Iniciativa1";0;0;0;0;-437490,289448275;0;0;-160353,803808055;0;0;-24579,5845554605;0;0;0;0;0;0;0;0;165226,520661157;0;0;0;0;11639,2628926738;0;0;-17576,9627294166;0;0;5063,52279579249;0;0;0;0;0;0;0;0;-874,177040950308;-0,00529077921299966
"33";"ASIS";53;0;0;0;0;-437473,525757345;0;0;-133822,486800702;0;0;-12765,9419373701;0;0;0;0;0;0;0;0;"Iniciativa1";0;0;0;0;-437473,525757345;0;0;-160353,803808055;0;0;-15917,7465731576;0;0;0;0;0;0;0;0;165226,520661157;0;0;0;0;0;0;0;-26531,3170073535;0;0;-3151,80463578756;0;0;0;0;0;0;0;0;-29683,1216431411;-0,179651072505573
"34";"ASIS";53;0;0;0;0;-437473,525757345;0;0;-133822,486800702;0;0;-12765,9419373701;0;0;0;0;0;0;0;0;"Iniciativa2";0;0;0;0;-437473,525757345;0;0;-153039,438266568;0;0;-14259,647971787;0;0;0;0;0;0;0;0;12103,305785124;0;0;0;0;0;0;0;-19216,9514658666;0;0;-1493,70603441698;0;0;0;0;0;0;0;0;-20710,6575002836;-1,71115708947376
"35";"ASIS";59;0;0;0;0;-437478,482385468;0;0;-143604,406492209;0;0;-19016,9951420104;0;0;0;0;0;0;0;0;"Iniciativa1";0;0;0;0;-437478,482385468;0;0;-160353,803808055;0;0;-19976,9488212316;0;0;0;0;0;0;0;0;165226,520661157;0;0;0;0;0;0;0;-16749,3973158465;0;0;-959,953679221155;0;0;0;0;0;0;0;0;-17709,3509950676;-0,107182254544872
"36";"ASIS";59;0;0;0;0;-437478,482385468;0;0;-143604,406492209;0;0;-19016,9951420104;0;0;0;0;0;0;0;0;"Iniciativa2";0;0;0;0;-437478,482385468;0;0;-153039,438266568;0;0;-17896,0166523533;0;0;0;0;0;0;0;0;12103,305785124;0;0;0;0;0;0;0;-9435,03177435955;0;0;1120,97848965713;0;0;0;0;0;0;0;0;-8314,05328470242;-0,686924170330484
"37";"ASIS";61;0;0;0;0;-437470,733577625;0;0;-154754,36414433;0;0;-18162,6332189104;0;0;0;0;0;0;0;0;"Iniciativa1";0;0;0;0;-437470,733577625;0;0;-160353,803808055;0;0;-20464,6496085822;0;0;0;0;0;0;0;0;165226,520661157;0;0;0;0;0;0;0;-5599,43966372497;0;0;-2302,01638967179;0;0;0;0;0;0;0;0;-7901,45605339677;-0,0478219599479487
"38";"ASIS";62;0;0;0;0;-437474,201663352;0;0;-154924,310672433;0;0;-20409,5083268022;0;0;0;0;0;0;0;0;"Iniciativa1";0;0;0;0;-437474,201663352;0;0;-160353,803808055;0;0;-21839,027760011;0;0;0;0;0;0;0;0;165226,520661157;0;0;0;0;0;0;0;-5429,49313562221;0;0;-1429,51943320877;0;0;0;0;0;0;0;0;-6859,01256883098;-0,0415127822179182
"39";"ASIS";64;0;0;0;0;-449121,679324997;0;0;-141761,4298856;0;0;-25985,8076923622;0;0;0;0;0;0;0;0;"Iniciativa1";0;0;0;0;-437484,665865452;0;0;-160353,803808055;0;0;-23859,4911465114;0;0;0;0;0;0;0;0;165226,520661157;0;0;0;0;11637,0134595448;0;0;-18592,3739224549;0;0;2126,31654585083;0;0;0;0;0;0;0;0;-4829,04391705928;-0,0292268087334634
"40";"ASIS";66;0;0;0;0;-437476,679054192;0;0;-139831,475039911;0;0;-39303,2230167367;0;0;0;0;0;0;0;0;"Iniciativa1";0;0;0;0;-437476,679054192;0;0;-160353,803808055;0;0;-26042,7813374215;0;0;0;0;0;0;0;0;165226,520661157;0;0;0;0;0;0;0;-20522,3287681441;0;0;13260,4416793152;0;0;0;0;0;0;0;0;-7261,88708882892;-0,0439510985268608
"41";"ASIS";67;0;0;0;0;-420022,704469535;0;0;-170805,657869055;0;0;-24533,9792640321;0;0;0;0;0;0;0;0;"Iniciativa1";0;0;0;0;-437468,562848951;0;0;-160353,803808055;0;0;-23654,6297204127;0;0;0;0;0;0;0;0;165226,520661157;0;0;0;0;-17445,8583794161;0;0;10451,8540609995;0;0;879,349543619432;0;0;0;0;0;0;0;0;-6114,65477479715;-0,0370077076629663
"42";"ASIS";68;0;0;0;0;-420021,806371855;0;0;-159142,417886208;0;0;-18062,0992451291;0;0;0;0;0;0;0;0;"Iniciativa1";0;0;0;0;-437466,317604751;0;0;-160353,803808055;0;0;-19151,1718901326;0;0;0;0;0;0;0;0;165226,520661157;0;0;0;0;-17444,5112328962;0;0;-1211,3859218471;0;0;-1089,0726450035;0;0;0;0;0;0;0;0;-19744,9697997468;-0,119502424433662
"43";"ASIS";68;0;0;0;0;-420021,806371855;0;0;-159142,417886208;0;0;-18062,0992451291;0;0;0;0;0;0;0;0;"Iniciativa2";0;0;0;0;-437466,317604751;0;0;-153039,438266568;0;0;-17156,2581515771;0;0;0;0;0;0;0;0;12103,305785124;0;0;0;0;-17444,5112328962;0;0;6102,97961963981;0;0;905,841093551975;0;0;0;0;0;0;0;0;-10435,6905197044;-0,862218199306407
"44";"ASIS";69;0;0;0;0;-437480,57660276;0;0;-143867,210874749;0;0;-31550,4503747733;0;0;0;0;0;0;0;0;"Iniciativa1";0;0;0;0;-437480,57660276;0;0;-160353,803808055;0;0;-25422,144481974;0;0;0;0;0;0;0;0;165226,520661157;0;0;0;0;0;0;0;-16486,592933306;0;0;6128,30589279933;0;0;0;0;0;0;0;0;-10358,2870405066;-0,0626914311277497
"45";"ASIS";69;0;0;0;0;-437480,57660276;0;0;-143867,210874749;0;0;-31550,4503747733;0;0;0;0;0;0;0;0;"Iniciativa2";0;0;0;0;-437480,57660276;0;0;-153039,438266568;0;0;-22774,0044317684;0;0;0;0;0;0;0;0;12103,305785124;0;0;0;0;0;0;0;-9172,22739181906;0;0;8776,44594300496;0;0;0;0;0;0;0;0;-395,781448814105;-0,0327002767541869
"46";"ASIS";72;0;0;0;0;-437482,710110258;0;0;-145468,948739066;0;0;-23289,7256293977;0;0;0;0;0;0;0;0;"Iniciativa1";0;0;0;0;-437482,710110258;0;0;-160353,803808055;0;0;-22775,6325337149;0;0;0;0;0;0;0;0;165226,520661157;0;0;0;0;0;0;0;-14884,855068989;0;0;514,093095682809;0;0;0;0;0;0;0;0;-14370,7619733062;-0,0869761217255033
"47";"ASIS";72;0;0;0;0;-437482,710110258;0;0;-145468,948739066;0;0;-23289,7256293977;0;0;0;0;0;0;0;0;"Iniciativa2";0;0;0;0;-437482,710110258;0;0;-153039,438266568;0;0;-20403,1708114529;0;0;0;0;0;0;0;0;12103,305785124;0;0;0;0;0;0;0;-7570,48952750207;0;0;2886,55481794478;0;0;0;0;0;0;0;0;-4683,93470955729;-0,38699631263669
"48";"ASIS";74;0;0;0;0;-449129,1463108;0;0;-132524,064100501;0;0;-27719,9316696374;0;0;0;0;0;0;0;0;"Iniciativa1";0;0;0;0;-437489,99942674;0;0;-160353,803808055;0;0;-23066,2354546765;0;0;0;0;0;0;0;0;165226,520661157;0;0;0;0;11639,1468840598;0;0;-27829,7397075538;0;0;4653,69621496086;0;0;0;0;0;0;0;0;-11536,8966085332;-0,0698247264565522
"49";"ASIS";74;0;0;0;0;-449129,1463108;0;0;-132524,064100501;0;0;-27719,9316696374;0;0;0;0;0;0;0;0;"Iniciativa2";0;0;0;0;-437489,99942674;0;0;-153039,438266568;0;0;-20663,5025948144;0;0;0;0;0;0;0;0;12103,305785124;0;0;0;0;11639,1468840598;0;0;-20515,3741660669;0;0;7056,42907482299;0;0;0;0;0;0;0;0;-1819,79820718412;-0,150355468125147
"50";"ASIS";78;0;0;0;0;-437478,06115994;0;0;-157095,966466055;0;0;-26405,3275000131;0;0;0;0;0;0;0;0;"Iniciativa1";0;0;0;0;-437478,06115994;0;0;-160353,803808055;0;0;-25334,9028581859;0;0;0;0;0;0;0;0;165226,520661157;0;0;0;0;0;0;0;-3257,83734199969;0;0;1070,42464182723;0;0;0;0;0;0;0;0;-2187,41270017246;-0,0132388716497781
"51";"ASIS";79;0;0;0;0;-437475,190532427;0;0;-160096,588124478;0;0;-23971,640143263;0;0;0;0;0;0;0;0;"Iniciativa1";0;0;0;0;-437475,190532427;0;0;-160353,803808055;0;0;-24032,8110237305;0;0;0;0;0;0;0;0;165226,520661157;0;0;0;0;0;0;0;-257,215683576942;0;0;-61,1708804675145;0;0;0;0;0;0;0;0;-318,386564044456;-0,00192697009396813
"52";"ASIS";81;0;0;0;0;-420022,285779492;0;0;-146469,044115934;0;0;-12721,160423729;0;0;0;0;0;0;0;0;"Iniciativa1";0;0;0;0;-437467,516123843;0;0;-160353,803808055;0;0;-16011,9732376019;0;0;0;0;0;0;0;0;165226,520661157;0;0;0;0;-17445,2303443517;0;0;-13884,7596921213;0;0;-3290,81281387287;0;0;0;0;0;0;0;0;-34620,8028503459;-0,209535386400501
"53";"ASIS";81;0;0;0;0;-420022,285779492;0;0;-146469,044115934;0;0;-12721,160423729;0;0;0;0;0;0;0;0;"Iniciativa2";0;0;0;0;-437467,516123843;0;0;-153039,438266568;0;0;-14344,059358685;0;0;0;0;0;0;0;0;12103,305785124;0;0;0;0;-17445,2303443517;0;0;-6570,39415063438;0;0;-1622,89893495601;0;0;0;0;0;0;0;0;-25638,5234299421;-2,11830750086924
"54";"ASIS";85;0;0;0;0;-437470,312220237;0;0;-150636,629254003;0;0;-19906,1153055778;0;0;0;0;0;0;0;0;"Iniciativa1";0;0;0;0;-437470,312220237;0;0;-160353,803808055;0;0;-21348,2243659169;0;0;0;0;0;0;0;0;165226,520661157;0;0;0;0;0;0;0;-9717,1745540525;0;0;-1442,10906033914;0;0;0;0;0;0;0;0;-11159,2836143916;-0,0675393004085395
"55";"ASIS";85;0;0;0;0;-437470,312220237;0;0;-150636,629254003;0;0;-19906,1153055778;0;0;0;0;0;0;0;0;"Iniciativa2";0;0;0;0;-437470,312220237;0;0;-153039,438266568;0;0;-19124,4509944672;0;0;0;0;0;0;0;0;12103,305785124;0;0;0;0;0;0;0;-2402,80901256559;0;0;781,664311110537;0;0;0;0;0;0;0;0;-1621,14470145505;-0,133942307187478
"56";"ASIS";88;0;0;0;0;-420022,564852699;0;0;-144582,80668373;0;0;-17686,3345093726;0;0;0;0;0;0;0;0;"Iniciativa1";0;0;0;0;-437468,213806862;0;0;-160353,803808055;0;0;-19427,4951786635;0;0;0;0;0;0;0;0;165226,520661157;0;0;0;0;-17445,648954163;0;0;-15770,997124325;0;0;-1741,16066929095;0;0;0;0;0;0;0;0;-34957,8067477789;-0,211575034128266
"57";"ASIS";88;0;0;0;0;-420022,564852699;0;0;-144582,80668373;0;0;-17686,3345093726;0;0;0;0;0;0;0;0;"Iniciativa2";0;0;0;0;-437468,213806862;0;0;-153039,438266568;0;0;-17403,7977642194;0;0;0;0;0;0;0;0;12103,305785124;0;0;0;0;-17445,648954163;0;0;-8456,63158283805;0;0;282,536745153167;0;0;0;0;0;0;0;0;-25619,7437918479;-2,11675588857193
"58";"ASIS";90;0;0;0;0;-420021,405776061;0;0;-154919,049945219;0;0;-15391,0745151975;0;0;0;0;0;0;0;0;"Iniciativa1";0;0;0;0;-437465,316115267;0;0;-160353,803808055;0;0;-18323,1789332448;0;0;0;0;0;0;0;0;165226,520661157;0;0;0;0;-17443,9103392057;0;0;-5434,75386283631;0;0;-2932,10441804726;0;0;0;0;0;0;0;0;-25810,7686200893;-0,156214441342752
"59";"ASIS";90;0;0;0;0;-420021,405776061;0;0;-154919,049945219;0;0;-15391,0745151975;0;0;0;0;0;0;0;0;"Iniciativa2";0;0;0;0;-437465,316115267;0;0;-153039,438266568;0;0;-16414,5144610318;0;0;0;0;0;0;0;0;12103,305785124;0;0;0;0;-17443,9103392057;0;0;1879,6116786506;0;0;-1023,43994583426;0;0;0;0;0;0;0;0;-16587,7386063894;-1,37051305658799
"60";"ASIS";92;0;0;0;0;-437481,428277938;0;0;-152174,856794552;0;0;-31020,360315559;0;0;0;0;0;0;0;0;"Iniciativa1";0;0;0;0;-437481,428277938;0;0;-160353,803808055;0;0;-26993,4118544655;0;0;0;0;0;0;0;0;165226,520661157;0;0;0;0;0;0;0;-8178,94701350291;0;0;4026,94846109355;0;0;0;0;0;0;0;0;-4151,99855240936;-0,0251291290029897
"61";"ASIS";103;0;0;0;0;-420020,900085117;0;0;-157209,590272671;0;0;-15983,0540780273;0;0;0;0;0;0;0;0;"Iniciativa1";0;0;0;0;-437464,051887906;0;0;-160353,803808055;0;0;-18183,3348069914;0;0;0;0;0;0;0;0;165226,520661157;0;0;0;0;-17443,151802789;0;0;-3144,21353538366;0;0;-2200,28072896412;0;0;0;0;0;0;0;0;-22787,6460671368;-0,137917605333282
"62";"ASIS";103;0;0;0;0;-420020,900085117;0;0;-157209,590272671;0;0;-15983,0540780273;0;0;0;0;0;0;0;0;"Iniciativa2";0;0;0;0;-437464,051887906;0;0;-153039,438266568;0;0;-16289,2374312631;0;0;0;0;0;0;0;0;12103,305785124;0;0;0;0;-17443,151802789;0;0;4170,15200610325;0;0;-306,183353235851;0;0;0;0;0;0;0;0;-13579,1831499216;-1,12194002126358
"63";"ASIS";106;0;0;0;0;-420020,352164727;0;0;-162349,746200232;0;0;-19362,098615032;0;0;0;0;0;0;0;0;"Iniciativa1";0;0;0;0;-437462,682086931;0;0;-160353,803808055;0;0;-19298,8863321435;0;0;0;0;0;0;0;0;165226,520661157;0;0;0;0;-17442,329922204;0;0;1995,94239217642;0;0;63,2122828885804;0;0;0;0;0;0;0;0;-15383,175247139;-0,0931035476967193
"64";"ASIS";106;0;0;0;0;-420020,352164727;0;0;-162349,746200232;0;0;-19362,098615032;0;0;0;0;0;0;0;0;"Iniciativa2";0;0;0;0;-437462,682086931;0;0;-153039,438266568;0;0;-17288,5856725452;0;0;0;0;0;0;0;0;12103,305785124;0;0;0;0;-17442,329922204;0;0;9310,30793366334;0;0;2073,51294248686;0;0;0;0;0;0;0;0;-6058,50904605383;-0,50056646949301
"65";"ASIS";107;0;0;0;0;-437477,22943633;0;0;-138365,432173026;0;0;-18159,9971421224;0;0;0;0;0;0;0;0;"Iniciativa1";0;0;0;0;-437477,22943633;0;0;-160353,803808055;0;0;-19946,7668284184;0;0;0;0;0;0;0;0;165226,520661157;0;0;0;0;0;0;0;-21988,3716350294;0;0;-1786,76968629603;0;0;0;0;0;0;0;0;-23775,1413213254;-0,143894220045237
"66";"ASIS";107;0;0;0;0;-437477,22943633;0;0;-138365,432173026;0;0;-18159,9971421224;0;0;0;0;0;0;0;0;"Iniciativa2";0;0;0;0;-437477,22943633;0;0;-153039,438266568;0;0;-17868,9786171248;0;0;0;0;0;0;0;0;12103,305785124;0;0;0;0;0;0;0;-14674,0060935424;0;0;291,018524997551;0;0;0;0;0;0;0;0;-14382,9875685449;-1,18835199439668
"67";"ASIS";108;0;0;0;0;-437479,822964688;0;0;-156502,180391548;0;0;-28202,8252227757;0;0;0;0;0;0;0;0;"Iniciativa1";0;0;0;0;-437479,822964688;0;0;-160353,803808055;0;0;-25981,8534896605;0;0;0;0;0;0;0;0;165226,520661157;0;0;0;0;0;0;0;-3851,62341650747;0;0;2220,97173311522;0;0;0;0;0;0;0;0;-1630,65168339225;-0,00986918853503157
"68";"ASIS";109;0;0;0;0;-420020,880453516;0;0;-155253,637413503;0;0;-14473,2878049687;0;0;0;0;0;0;0;0;"Iniciativa1";0;0;0;0;-437464,002808905;0;0;-160353,803808055;0;0;-17272,6599808046;0;0;0;0;0;0;0;0;165226,520661157;0;0;0;0;-17443,1223553886;0;0;-5100,16639455227;0;0;-2799,37217583589;0;0;0;0;0;0;0;0;-25342,6609257768;-0,15338131447886
"69";"ASIS";109;0;0;0;0;-420020,880453516;0;0;-155253,637413503;0;0;-14473,2878049687;0;0;0;0;0;0;0;0;"Iniciativa2";0;0;0;0;-437464,002808905;0;0;-153039,438266568;0;0;-15473,4245661375;0;0;0;0;0;0;0;0;12103,305785124;0;0;0;0;-17443,1223553886;0;0;2214,19914693464;0;0;-1000,13676116874;0;0;0;0;0;0;0;0;-16229,0599696227;-1,34087829042291
"70";"ASIS";110;0;0;0;0;-408392,132216591;0;0;-155419,583143825;0;0;-13162,402704282;0;0;0;0;0;0;0;0;"Iniciativa1";0;0;0;0;-437461,072164793;0;0;-160353,803808055;0;0;-12969,1696129157;0;0;0;0;0;0;0;0;165226,520661157;0;0;0;0;-29068,9399482023;0;0;-4934,22066423052;0;0;193,233091366355;0;0;0;0;0;0;0;0;-33809,9275210665;-0,204627727956598
"71";"ASIS";110;0;0;0;0;-408392,132216591;0;0;-155419,583143825;0;0;-13162,402704282;0;0;0;0;0;0;0;0;"Iniciativa2";0;0;0;0;-437461,072164793;0;0;-153039,438266568;0;0;-11618,2144449036;0;0;0;0;0;0;0;0;12103,305785124;0;0;0;0;-29068,9399482023;0;0;2380,14487725639;0;0;1544,1882593784;0;0;0;0;0;0;0;0;-25144,6068115676;-2,07749909470787
"72";"ASIS";111;0;0;0;0;-420022,394062874;0;0;-169831,01934612;0;0;-23400,2955104949;0;0;0;0;0;0;0;0;"Iniciativa1";0;0;0;0;-437467,786832299;0;0;-160353,803808055;0;0;-22960,7849054919;0;0;0;0;0;0;0;0;165226,520661157;0;0;0;0;-17445,3927694249;0;0;9477,2155380648;0;0;439,510605003026;0;0;0;0;0;0;0;0;-7528,66662635711;-0,0455657275613564
"73";"ASIS";112;0;0;0;0;-420020,744254019;0;0;-156428,096474341;0;0;-30069,9485949102;0;0;0;0;0;0;0;0;"Iniciativa1";0;0;0;0;-437463,662310162;0;0;-160353,803808055;0;0;-21844,8957601187;0;0;0;0;0;0;0;0;165226,520661157;0;0;0;0;-17442,9180561431;0;0;-3925,70733371453;0;0;8225,05283479151;0;0;0;0;0;0;0;0;-13143,5725550661;-0,0795488067077359
"74";"ASIS";112;0;0;0;0;-420020,744254019;0;0;-156428,096474341;0;0;-30069,9485949102;0;0;0;0;0;0;0;0;"Iniciativa2";0;0;0;0;-437463,662310162;0;0;-153039,438266568;0;0;-19569,3857851063;0;0;0;0;0;0;0;0;12103,305785124;0;0;0;0;-17442,9180561431;0;0;3388,65820777239;0;0;10500,5628098039;0;0;0;0;0;0;0;0;-3553,69703856684;-0,293613753271825
"75";"ASIS";114;0;0;0;0;-420022,749071146;0;0;-173151,960259668;0;0;-26669,5776758802;0;0;0;0;0;0;0;0;"Iniciativa1";0;0;0;0;-437468,674352979;0;0;-160353,803808055;0;0;-25033,6800324293;0;0;0;0;0;0;0;0;165226,520661157;0;0;0;0;-17445,9252818333;0;0;12798,1564516124;0;0;1635,89764345099;0;0;0;0;0;0;0;0;-3011,87118676992;-0,0182287393979965
"76";"ASIS";118;0;0;0;0;-420021,773299748;0;0;-171418,965127561;0;0;-23432,5039913844;0;0;0;0;0;0;0;0;"Iniciativa1";0;0;0;0;-437466,234924484;0;0;-160353,803808055;0;0;-22709,4664809004;0;0;0;0;0;0;0;0;165226,520661157;0;0;0;0;-17444,4616247361;0;0;11065,1613195056;0;0;723,03751048398;0;0;0;0;0;0;0;0;-5656,26279474653;-0,0342333831888058
"77";"ASIS";120;0;0;0;0;-437472,614787576;0;0;-149961,340760272;0;0;-17376,2747828702;0;0;0;0;0;0;0;0;"Iniciativa1";0;0;0;0;-437472,614787576;0;0;-160353,803808055;0;0;-19287,6318807553;0;0;0;0;0;0;0;0;165226,520661157;0;0;0;0;0;0;0;-10392,463047783;0;0;-1911,35709788511;0;0;0;0;0;0;0;0;-12303,8201456681;-0,0744663755941491
"78";"ASIS";120;0;0;0;0;-437472,614787576;0;0;-149961,340760272;0;0;-17376,2747828702;0;0;0;0;0;0;0;0;"Iniciativa2";0;0;0;0;-437472,614787576;0;0;-153039,438266568;0;0;-17278,5035598433;0;0;0;0;0;0;0;0;12103,305785124;0;0;0;0;0;0;0;-3078,09750629612;0;0;97,7712230268953;0;0;0;0;0;0;0;0;-2980,32628326923;-0,246240683015074
"79";"ASIS";124;0;0;0;0;-437474,846812723;0;0;-148768,723767567;0;0;-18644,3368517146;0;0;0;0;0;0;0;0;"Iniciativa1";0;0;0;0;-437474,846812723;0;0;-160353,803808055;0;0;-20308,1040549629;0;0;0;0;0;0;0;0;165226,520661157;0;0;0;0;0;0;0;-11585,0800404883;0;0;-1663,76720324834;0;0;0;0;0;0;0;0;-13248,8472437366;-0,0801859604058787
"80";"ASIS";124;0;0;0;0;-437474,846812723;0;0;-148768,723767567;0;0;-18644,3368517146;0;0;0;0;0;0;0;0;"Iniciativa2";0;0;0;0;-437474,846812723;0;0;-153039,438266568;0;0;-18192,6765492376;0;0;0;0;0;0;0;0;12103,305785124;0;0;0;0;0;0;0;-4270,71449900139;0;0;451,660302476968;0;0;0;0;0;0;0;0;-3819,05419652442;-0,31553810705323
"81";"ASIS";125;0;0;0;0;-420021,499446608;0;0;-173192,753627323;0;0;-25958,6624621358;0;0;0;0;0;0;0;0;"Iniciativa1";0;0;0;0;-437465,550291635;0;0;-160353,803808055;0;0;-23965,0222667674;0;0;0;0;0;0;0;0;165226,520661157;0;0;0;0;-17444,0508450267;0;0;12838,9498192681;0;0;1993,64019536841;0;0;0;0;0;0;0;0;-2611,46083039013;-0,0158053369394957
"82";"ASIS";131;0;0;0;0;-437479,963192326;0;0;-139625,209787177;0;0;-19805,1178280908;0;0;0;0;0;0;0;0;"Iniciativa1";0;0;0;0;-437479,963192326;0;0;-160353,803808055;0;0;-20834,3626641483;0;0;0;0;0;0;0;0;165226,520661157;0;0;0;0;0;0;0;-20728,5940208781;0;0;-1029,24483605753;0;0;0;0;0;0;0;0;-21757,8388569356;-0,131684906090567
"83";"ASIS";131;0;0;0;0;-437479,963192326;0;0;-139625,209787177;0;0;-19805,1178280908;0;0;0;0;0;0;0;0;"Iniciativa2";0;0;0;0;-437479,963192326;0;0;-153039,438266568;0;0;-18664,1165532995;0;0;0;0;0;0;0;0;12103,305785124;0;0;0;0;0;0;0;-13414,2284793912;0;0;1141,00127479126;0;0;0;0;0;0;0;0;-12273,2272045999;-1,01403925691812
"84";"ASIS";132;0;0;0;0;-420022,988269687;0;0;-173933,766127544;0;0;-26538,4856123505;0;0;0;0;0;0;0;0;"Iniciativa1";0;0;0;0;-437469,272349332;0;0;-160353,803808055;0;0;-23913,6455898713;0;0;0;0;0;0;0;0;165226,520661157;0;0;0;0;-17446,2840796451;0;0;13579,9623194886;0;0;2624,84002247918;0;0;0;0;0;0;0;0;-1241,4817376773;-0,00751381638195543
"85";"ASIS";138;0;0;0;0;-437475,956914868;0;0;-158206,306163226;0;0;-24297,558858473;0;0;0;0;0;0;0;0;"Iniciativa1";0;0;0;0;-437475,956914868;0;0;-160353,803808055;0;0;-24404,5489880093;0;0;0;0;0;0;0;0;165226,520661157;0;0;0;0;0;0;0;-2147,49764482887;0;0;-106,990129536258;0;0;0;0;0;0;0;0;-2254,48777436512;-0,013644829930109
"86";"ASIS";139;0;0;0;0;-437469,514968983;0;0;-140863,449667573;0;0;-15244,4301544146;0;0;0;0;0;0;0;0;"Iniciativa1";0;0;0;0;-437469,514968983;0;0;-160353,803808055;0;0;-18092,0957284215;0;0;0;0;0;0;0;0;165226,520661157;0;0;0;0;0;0;0;-19490,3541404823;0;0;-2847,66557400687;0;0;0;0;0;0;0;0;-22338,0197144892;-0,135196333040865
"87";"ASIS";139;0;0;0;0;-437469,514968983;0;0;-140863,449667573;0;0;-15244,4301544146;0;0;0;0;0;0;0;0;"Iniciativa2";0;0;0;0;-437469,514968983;0;0;-153039,438266568;0;0;-16207,5024233776;0;0;0;0;0;0;0;0;12103,305785124;0;0;0;0;0;0;0;-12175,9885989954;0;0;-963,072268962969;0;0;0;0;0;0;0;0;-13139,0608679584;-1,0855762137405
"88";"ASIS";144;0;0;0;0;-420022,942570653;0;0;-162220,147238974;0;0;-23890,4219218698;0;0;0;0;0;0;0;0;"Iniciativa1";0;0;0;0;-437469,158101746;0;0;-160353,803808055;0;0;-23539,4412607872;0;0;0;0;0;0;0;0;165226,520661157;0;0;0;0;-17446,2155310933;0;0;1866,34343091893;0;0;350,980661082544;0;0;0;0;0;0;0;0;-15228,8914390918;-0,0921697762450794
"89";"ASIS";144;0;0;0;0;-420022,942570653;0;0;-162220,147238974;0;0;-23890,4219218698;0;0;0;0;0;0;0;0;"Iniciativa2";0;0;0;0;-437469,158101746;0;0;-153039,438266568;0;0;-21087,4161294552;0;0;0;0;0;0;0;0;12103,305785124;0;0;0;0;-17446,2155310933;0;0;9180,70897240585;0;0;2803,00579241455;0;0;0;0;0;0;0;0;-5462,50076627291;-0,451323040436341
"90";"ASIS";152;0;0;0;0;-437476,04856392;0;0;-142986,795423708;0;0;-18802,8688293397;0;0;0;0;0;0;0;0;"Iniciativa1";0;0;0;0;-437476,04856392;0;0;-160353,803808055;0;0;-18491,8745542397;0;0;0;0;0;0;0;0;165226,520661157;0;0;0;0;0;0;0;-17367,008384347;0;0;310,994275099965;0;0;0;0;0;0;0;0;-17056,0141092471;-0,103228065573233
"91";"ASIS";152;0;0;0;0;-437476,04856392;0;0;-142986,795423708;0;0;-18802,8688293397;0;0;0;0;0;0;0;0;"Iniciativa2";0;0;0;0;-437476,04856392;0;0;-153039,438266568;0;0;-16565,6376215064;0;0;0;0;0;0;0;0;12103,305785124;0;0;0;0;0;0;0;-10052,6428428601;0;0;2237,23120783327;0;0;0;0;0;0;0;0;-7815,41163502686;-0,645725372371629
"92";"ASIS";153;0;0;0;0;-437470,070884691;0;0;-128243,024213339;0;0;-11001,004826856;0;0;0;0;0;0;0;0;"Iniciativa1";0;0;0;0;-437470,070884691;0;0;-160353,803808055;0;0;-14763,610151325;0;0;0;0;0;0;0;0;165226,520661157;0;0;0;0;0;0;0;-32110,779594716;0;0;-3762,605324469;0;0;0;0;0;0;0;0;-35873,384919185;-0,217116385285104
"93";"ASIS";153;0;0;0;0;-437470,070884691;0;0;-128243,024213339;0;0;-11001,004826856;0;0;0;0;0;0;0;0;"Iniciativa2";0;0;0;0;-437470,070884691;0;0;-153039,438266568;0;0;-13225,7340938953;0;0;0;0;0;0;0;0;12103,305785124;0;0;0;0;0;0;0;-24796,4140532291;0;0;-2224,72926703931;0;0;0;0;0;0;0;0;-27021,1433202684;-2,23254239791907
"94";"ASIS";158;0;0;0;0;-437472,052942647;0;0;-150742,053410374;0;0;-26559,4779487061;0;0;0;0;0;0;0;0;"Iniciativa1";0;0;0;0;-437472,052942647;0;0;-160353,803808055;0;0;-23352,1098583774;0;0;0;0;0;0;0;0;165226,520661157;0;0;0;0;0;0;0;-9611,75039768117;0;0;3207,36809032869;0;0;0;0;0;0;0;0;-6404,38230735248;-0,0387612247823487
"95";"ASIS";160;0;0;0;0;-420020,657320321;0;0;-157375,644564036;0;0;-18238,810862449;0;0;0;0;0;0;0;0;"Iniciativa1";0;0;0;0;-437463,444975917;0;0;-160353,803808055;0;0;-18960,709136329;0;0;0;0;0;0;0;0;165226,520661157;0;0;0;0;-17442,7876555959;0;0;-2978,15924401933;0;0;-721,898273879975;0;0;0;0;0;0;0;0;-21142,8451734952;-0,127962781573392
"96";"ASIS";160;0;0;0;0;-420020,657320321;0;0;-157375,644564036;0;0;-18238,810862449;0;0;0;0;0;0;0;0;"Iniciativa2";0;0;0;0;-437463,444975917;0;0;-153039,438266568;0;0;-16985,6352679614;0;0;0;0;0;0;0;0;12103,305785124;0;0;0;0;-17442,7876555959;0;0;4336,20629746758;0;0;1253,17559448763;0;0;0;0;0;0;0;0;-11853,4057636407;-0,979352746603291
"97";"ASIS";161;0;0;0;0;-408392,132216591;0;0;-134274,505381088;0;0;-5962,04248377486;0;0;0;0;0;0;0;0;"Iniciativa1";0;0;0;0;-437461,336609334;0;0;-160353,803808055;0;0;-9495,71170872509;0;0;0;0;0;0;0;0;165226,520661157;0;0;0;0;-29069,2043927435;0;0;-26079,2984269668;0;0;-3533,66922495024;0;0;0;0;0;0;0;0;-58682,1720446606;-0,355161942585505
"98";"ASIS";161;0;0;0;0;-408392,132216591;0;0;-134274,505381088;0;0;-5962,04248377486;0;0;0;0;0;0;0;0;"Iniciativa2";0;0;0;0;-437461,336609334;0;0;-153039,438266568;0;0;-8506,57507239956;0;0;0;0;0;0;0;0;12103,305785124;0;0;0;0;-29069,2043927435;0;0;-18764,9328854799;0;0;-2544,53258862471;0;0;0;0;0;0;0;0;-50378,6698668481;-4,16238924813153
"99";"ASIS";171;0;0;0;0;-437477,849200966;0;0;-133535,306955998;0;0;-17918,1284294592;0;0;0;0;0;0;0;0;"Iniciativa1";0;0;0;0;-437477,849200966;0;0;-160353,803808055;0;0;-19109,4757879197;0;0;0;0;0;0;0;0;165226,520661157;0;0;0;0;0;0;0;-26818,496852057;0;0;-1191,34735846052;0;0;0;0;0;0;0;0;-28009,8442105175;-0,169523900269979
"100";"ASIS";171;0;0;0;0;-437477,849200966;0;0;-133535,306955998;0;0;-17918,1284294592;0;0;0;0;0;0;0;0;"Iniciativa2";0;0;0;0;-437477,849200966;0;0;-153039,438266568;0;0;-17118,9053933447;0;0;0;0;0;0;0;0;12103,305785124;0;0;0;0;0;0;0;-19504,1313105701;0;0;799,223036114454;0;0;0;0;0;0;0;0;-18704,9082744557;-1,54543796600146
"101";"ASIS";177;0;0;0;0;-437474,012817776;0;0;-152088,887730555;0;0;-20329,6694920839;0;0;0;0;0;0;0;0;"Iniciativa1";0;0;0;0;-437474,012817776;0;0;-160353,803808055;0;0;-21854,7670442429;0;0;0;0;0;0;0;0;165226,520661157;0;0;0;0;0;0;0;-8264,91607750006;0;0;-1525,09755215904;0;0;0;0;0;0;0;0;-9790,0136296591;-0,059252071583207
"102";"ASIS";177;0;0;0;0;-437474,012817776;0;0;-152088,887730555;0;0;-20329,6694920839;0;0;0;0;0;0;0;0;"Iniciativa2";0;0;0;0;-437474,012817776;0;0;-153039,438266568;0;0;-19578,2288104676;0;0;0;0;0;0;0;0;12103,305785124;0;0;0;0;0;0;0;-950,55053601315;0;0;751,440681616263;0;0;0;0;0;0;0;0;-199,109854396887;-0,0164508654025424
"103";"ASIS";180;0;0;0;0;-449127,931560841;0;0;-127540,070435336;0;0;-26680,7217216595;0;0;0;0;0;0;0;0;"Iniciativa1";0;0;0;0;-437489,131748198;0;0;-160353,803808055;0;0;-21941,8191966285;0;0;0;0;0;0;0;0;165226,520661157;0;0;0;0;11638,7998126429;0;0;-32813,7333727187;0;0;4738,90252503096;0;0;0;0;0;0;0;0;-16436,0310350449;-0,0994757437805733
"104";"ASIS";180;0;0;0;0;-449127,931560841;0;0;-127540,070435336;0;0;-26680,7217216595;0;0;0;0;0;0;0;0;"Iniciativa2";0;0;0;0;-437489,131748198;0;0;-153039,438266568;0;0;-19656,213030313;0;0;0;0;0;0;0;0;12103,305785124;0;0;0;0;11638,7998126429;0;0;-25499,3678312318;0;0;7024,50869134643;0;0;0;0;0;0;0;0;-6836,05932724248;-0,564809271830891
"105";"ASIS";181;0;0;0;0;-437474,191228997;0;0;-153670,84595428;0;0;-26345,0101930162;0;0;0;0;0;0;0;0;"Iniciativa1";0;0;0;0;-437474,191228997;0;0;-160353,803808055;0;0;-24516,9369039149;0;0;0;0;0;0;0;0;165226,520661157;0;0;0;0;0;0;0;-6682,95785377541;0;0;1828,07328910128;0;0;0;0;0;0;0;0;-4854,88456467413;-0,029383204011361
"106";"ASIS";186;0;0;0;0;-437483,331298827;0;0;-140315,981039129;0;0;-24792,6571891494;0;0;0;0;0;0;0;0;"Iniciativa1";0;0;0;0;-437483,331298827;0;0;-160353,803808055;0;0;-23314,7892607965;0;0;0;0;0;0;0;0;165226,520661157;0;0;0;0;0;0;0;-20037,822768926;0;0;1477,8679283529;0;0;0;0;0;0;0;0;-18559,9548405731;-0,112330361774279
"107";"ASIS";186;0;0;0;0;-437483,331298827;0;0;-140315,981039129;0;0;-24792,6571891494;0;0;0;0;0;0;0;0;"Iniciativa2";0;0;0;0;-437483,331298827;0;0;-153039,438266568;0;0;-20886,1653794635;0;0;0;0;0;0;0;0;12103,305785124;0;0;0;0;0;0;0;-12723,4572274391;0;0;3906,49180968587;0;0;0;0;0;0;0;0;-8816,96541775323;-0,728475804402964
"108";"ASIS";187;0;0;0;0;-420022,549751029;0;0;-167664,652783914;0;0;-22860,7706934944;0;0;0;0;0;0;0;0;"Iniciativa1";0;0;0;0;-437468,176052687;0;0;-160353,803808055;0;0;-23004,2270443849;0;0;0;0;0;0;0;0;165226,520661157;0;0;0;0;-17445,6263016579;0;0;7310,84897585923;0;0;-143,456350890498;0;0;0;0;0;0;0;0;-10278,2336766891;-0,0622069243821185
"109";"ASIS";187;0;0;0;0;-420022,549751029;0;0;-167664,652783914;0;0;-22860,7706934944;0;0;0;0;0;0;0;0;"Iniciativa2";0;0;0;0;-437468,176052687;0;0;-153039,438266568;0;0;-20607,9533939281;0;0;0;0;0;0;0;0;12103,305785124;0;0;0;0;-17445,6263016579;0;0;14625,2145173461;0;0;2252,81729956627;0;0;0;0;0;0;0;0;-567,594484745459;-0,0468958229117109
"110";"ASIS";189;0;0;0;0;-420022,582463907;0;0;-137972,973584964;0;0;-13807,2156134659;0;0;0;0;0;0;0;0;"Iniciativa1";0;0;0;0;-437468,257834883;0;0;-160353,803808055;0;0;-16878,9186768052;0;0;0;0;0;0;0;0;165226,520661157;0;0;0;0;-17445,6753709754;0;0;-22380,8302230912;0;0;-3071,70306333933;0;0;0;0;0;0;0;0;-42898,208657406;-0,259632705970857
"111";"ASIS";189;0;0;0;0;-420022,582463907;0;0;-137972,973584964;0;0;-13807,2156134659;0;0;0;0;0;0;0;0;"Iniciativa2";0;0;0;0;-437468,257834883;0;0;-153039,438266568;0;0;-15120,6979813047;0;0;0;0;0;0;0;0;12103,305785124;0;0;0;0;-17445,6753709754;0;0;-15066,4646816043;0;0;-1313,48236783878;0;0;0;0;0;0;0;0;-33825,6224204185;-2,79474244648046
"112";"ASIS";190;0;0;0;0;-437475,31472714;0;0;-145746,421614763;0;0;-22100,2160129435;0;0;0;0;0;0;0;0;"Iniciativa1";0;0;0;0;-437475,31472714;0;0;-160353,803808055;0;0;-22385,2620264146;0;0;0;0;0;0;0;0;165226,520661157;0;0;0;0;0;0;0;-14607,3821932919;0;0;-285,046013471099;0;0;0;0;0;0;0;0;-14892,428206763;-0,0901334007831836
"113";"ASIS";190;0;0;0;0;-437475,31472714;0;0;-145746,421614763;0;0;-22100,2160129435;0;0;0;0;0;0;0;0;"Iniciativa2";0;0;0;0;-437475,31472714;0;0;-153039,438266568;0;0;-20053,4638986631;0;0;0;0;0;0;0;0;12103,305785124;0;0;0;0;0;0;0;-7293,01665180502;0;0;2046,75211428042;0;0;0;0;0;0;0;0;-5246,26453752461;-0,433457158784894
"114";"ASIS";195;0;0;0;0;-420021,474175185;0;0;-175216,115538758;0;0;-23759,9179928498;0;0;0;0;0;0;0;0;"Iniciativa1";0;0;0;0;-437465,487113077;0;0;-160353,803808055;0;0;-22096,0272346624;0;0;0;0;0;0;0;0;165226,520661157;0;0;0;0;-17444,0129378917;0;0;14862,3117307033;0;0;1663,89075818747;0;0;0;0;0;0;0;0;-917,810449000925;-0,00555486156416227
"115";"ASIS";197;0;0;0;0;-420022,945704399;0;0;-152177,168558924;0;0;-16153,7269289209;0;0;0;0;0;0;0;0;"Iniciativa1";0;0;0;0;-437469,165936113;0;0;-160353,803808055;0;0;-19232,1894879633;0;0;0;0;0;0;0;0;165226,520661157;0;0;0;0;-17446,2202317133;0;0;-8176,63524913133;0;0;-3078,46255904239;0;0;0;0;0;0;0;0;-28701,318039887;-0,173708905356344
"116";"ASIS";197;0;0;0;0;-420022,945704399;0;0;-152177,168558924;0;0;-16153,7269289209;0;0;0;0;0;0;0;0;"Iniciativa2";0;0;0;0;-437469,165936113;0;0;-153039,438266568;0;0;-17228,8364163005;0;0;0;0;0;0;0;0;12103,305785124;0;0;0;0;-17446,2202317133;0;0;-862,269707644416;0;0;-1075,10948737954;0;0;0;0;0;0;0;0;-19383,5994267372;-1,60151282392298
"117";"ASIS";200;0;0;0;0;-420021,894182065;0;0;-155253,637413503;0;0;-16007,4112626818;0;0;0;0;0;0;0;0;"Iniciativa1";0;0;0;0;-437466,537130277;0;0;-160353,803808055;0;0;-18776,830124159;0;0;0;0;0;0;0;0;165226,520661157;0;0;0;0;-17444,6429482119;0;0;-5100,16639455227;0;0;-2769,41886147723;0;0;0;0;0;0;0;0;-25314,2282042414;-0,153209231199362
"118";"ASIS";200;0;0;0;0;-420021,894182065;0;0;-155253,637413503;0;0;-16007,4112626818;0;0;0;0;0;0;0;0;"Iniciativa2";0;0;0;0;-437466,537130277;0;0;-153039,438266568;0;0;-16820,9103195591;0;0;0;0;0;0;0;0;12103,305785124;0;0;0;0;-17444,6429482119;0;0;2214,19914693464;0;0;-813,49905687733;0;0;0;0;0;0;0;0;-16043,9428581546;-1,32558353420055
