"","Cenario.x","Replicacao","Soma_DespesaTurnoverDescontado.x","Soma_DespesaAbsenteismoDescontado.x","Soma_DespesaMultasDescontado.x","Soma_DespesaAcoesRegressivasINSSDescontado.x","Soma_DespesaFAPDescontado.x","Soma_DespesasImagemContratacaoDescontado.x","Soma_DespesasReabilitacaoDescontado.x","Soma_DespesasPlanodeSaudeDescontado.x","Soma_DespesasReclamatoriasDescontado.x","Soma_DespesasClimaDescontado.x","Soma_DespesasMedicasDescontado.x","Soma_DespesasRefugoERetrabalhoDescontado.x","Soma_DespesasMPInsumosDescontado.x","Soma_DespesaPresenteismoDescontado.x","Soma_DespesasInterrupcaoAcidentesDescontado.x","Soma_DespesasInterdicaoFiscalizacaoDescontado.x","Soma_GanhoQualidadeDescontado.x","Soma_GanhoProdutividadeDescontado.x","Cenario.y","Soma_DespesaTurnoverDescontado.y","Soma_DespesaAbsenteismoDescontado.y","Soma_DespesaMultasDescontado.y","Soma_DespesaAcoesRegressivasINSSDescontado.y","Soma_DespesaFAPDescontado.y","Soma_DespesasImagemContratacaoDescontado.y","Soma_DespesasReabilitacaoDescontado.y","Soma_DespesasPlanodeSaudeDescontado.y","Soma_DespesasReclamatoriasDescontado.y","Soma_DespesasClimaDescontado.y","Soma_DespesasMedicasDescontado.y","Soma_DespesasRefugoERetrabalhoDescontado.y","Soma_DespesasMPInsumosDescontado.y","Soma_DespesaPresenteismoDescontado.y","Soma_DespesasInterrupcaoAcidentesDescontado.y","Soma_DespesasInterdicaoFiscalizacaoDescontado.y","Soma_GanhoQualidadeDescontado.y","Soma_GanhoProdutividadeDescontado.y","CustoTotalCBR","BeneficioTurnover","BeneficioAbsenteismo","BeneficioMultas","BeneficioAcoesRegressivasINSS","BeneficioFAP","BeneficioImagemContratacao","BeneficioReabilitacao","BeneficioPlanodeSaude","BeneficioReclamatorias","BeneficioClima","BeneficioDespesasMedicas","BeneficioRefugoERetrabalho","BeneficioMPInsumos","BeneficioPresenteismo","BeneficioInterrupcaoAcidentes","BeneficioInterdicaoFiscalizacao","BeneficioGanhoQualidade","BeneficioGanhoProdutividade","BeneficioTotalCBR","RazaoBeneficioCusto"
"1","ASIS",1,-30731.2833592946,-3435256.25377873,-90479.0324895439,-281818.181818182,-5367531.84077504,-33912.3483419374,-3808.410792047,-10058.0393939394,-9961.30170315688,-3841.41041991182,-57600.6658121306,-61266.172039004,-61325.1974739828,-6957.57900144708,-49820.0999118762,-42450.929725004,0,0,"Iniciativa1",-12203.3885203165,-2072819.62495794,0,-95454.5454545454,-5367531.84077504,-10618.5373614759,0,-10034.3121212121,-592.104573406225,-1525.42356503956,-17039.6737669401,-23043.9451237251,-22845.2052486015,-3461.1609053598,-14345.1056316097,-11737.9837681666,5808.48095962632,1923.22595305218,95454.5454545454,18527.8948389781,1362436.62882079,90479.0324895439,186363.636363636,0,23293.8109804615,3808.410792047,23.7272727272739,9369.19712975066,2315.98685487226,40560.9920451905,38222.2269152789,38479.9922253813,3496.41809608728,35474.9942802665,30712.9459568374,5808.48095962632,1923.22595305218,1891297.60197453,19.8135939254474
"2","ASIS",2,-30399.410222383,-3450210.44960135,-90750.2259102072,-281818.181818182,-5367531.84077504,-34347.8960776252,-3853.71267042226,-10058.4545454545,-9704.52005694496,-3799.92627779788,-56843.8822984086,-61029.2103109692,-60742.6539692631,-6819.05512271601,-49264.0137897027,-41579.3362062284,0,0,"Iniciativa1",-12115.2226663639,-2088103.32863938,0,-95454.5454545454,-5367531.84077504,-10629.5052939081,0,-10034.4878787879,-584.379343160558,-1514.40283329549,-17155.0007851214,-23170.9834985219,-23000.1140864283,-3451.47135862631,-14382.8857053443,-11569.5019287903,5758.62352755664,1935.08772505745,95454.5454545454,18284.1875560192,1362107.12096197,90750.2259102072,186363.636363636,0,23718.3907837171,3853.71267042226,23.9666666666672,9120.1407137844,2285.52344450239,39688.8815132873,37858.2268124473,37742.5398828348,3367.5837640897,34881.1280843584,30009.8342774381,5758.62352755664,1935.08772505745,1887748.810658,19.7764161116552
"3","ASIS",3,-30623.1856472023,-3442677.55869422,-90223.0330256955,-281818.181818182,-5367531.84077504,-33776.8516911521,-3781.82123382149,-10057.396969697,-9989.17641619594,-3827.89820590029,-57409.6973955838,-61137.532352786,-60936.2965574885,-6890.74268234675,-49122.5654726077,-41401.2680070879,0,0,"Iniciativa1",-12384.1031420514,-2046814.49275551,0,-95454.5454545454,-5367531.84077504,-10608.7974492688,0,-10033.7848484848,-576.279501721853,-1548.01289275643,-17252.5851841542,-22978.9519191372,-22843.0342896377,-3416.95820127526,-14634.4097407228,-11816.1325840468,5733.20665661697,1909.14614669524,95454.5454545454,18239.0825051509,1395863.06593871,90223.0330256955,186363.636363636,0,23168.0542418832,3781.82123382149,23.6121212121197,9412.89691447409,2279.88531314386,40157.1122114296,38158.5804336489,38093.2622678508,3473.78448107149,34488.1557318849,29585.1354230411,5733.20665661697,1909.14614669524,1920953.47100997,20.1242744581996
"4","ASIS",4,-30827.8218982357,-3444318.09155424,-90132.9646698635,-281818.181818182,-5367531.84077504,-33690.8785925238,-3759.33961869661,-10058.5818181818,-9805.24503836982,-3853.47773727946,-57111.8188669963,-61140.0608964368,-60533.9234327054,-6843.55774150966,-49307.6147138683,-40984.1329631873,0,0,"Iniciativa1",-12236.9500253104,-2078059.26627393,0,-95454.5454545454,-5367531.84077504,-10743.3464722029,0,-10033.8181818182,-580.668715761617,-1529.6187531638,-17394.5358993318,-22916.4403195401,-23023.3494110712,-3426.67582625084,-14570.7599222384,-11842.0108809111,5745.9002325949,1913.01695851092,95454.5454545454,18590.8718729252,1366258.82528031,90132.9646698635,186363.636363636,0,22947.5321203209,3759.33961869661,24.7636363636357,9224.5763226082,2323.85898411566,39717.2829676645,38223.6205768967,37510.5740216342,3416.88191525883,34736.8547916299,29142.1220822762,5745.9002325949,1913.01695851092,1890032.62241531,19.8003417586365
"5","ASIS",5,-30714.476330806,-3424041.8041169,-90313.3600309486,-281818.181818182,-5367531.84077504,-33712.5756301028,-3861.64725444924,-10057.7333333333,-9675.705918883,-3839.30954135075,-57742.7152234447,-60665.8296234672,-60752.7000365493,-6917.72736163495,-48922.5596207079,-40999.7599298387,0,0,"Iniciativa1",-12095.5602420426,-2046705.91888275,0,-95454.5454545454,-5367531.84077504,-10535.67544157,0,-10033.8878787879,-578.520878660111,-1511.94503025533,-17195.1337231395,-22994.1654120469,-23370.0433470638,-3396.93978118902,-14502.5150337614,-11739.6263711916,5739.6839896092,1909.41059563791,95454.5454545454,18618.9160887634,1377335.88523415,90313.3600309486,186363.636363636,0,23176.9001885327,3861.64725444924,23.8454545454551,9097.18504022289,2327.36451109542,40547.5815003052,37671.6642114204,37382.6566894855,3520.78758044593,34420.0445869465,29260.1335586471,5739.6839896092,1909.41059563791,1901570.70287884,19.9212168873021
"6","ASIS",6,-30271.5372303994,-3460077.17092931,-90919.9687082371,-281818.181818182,-5367531.84077504,-34054.0785087253,-3813.2169206197,-10058.7393939394,-9820.32523626854,-3783.94215379993,-57845.4884188732,-61982.7447585783,-60610.1097038276,-6879.09463374737,-49696.9188246319,-41545.7320854828,0,0,"Iniciativa1",-12414.3619859581,-2058414.4566128,0,-95454.5454545454,-5367531.84077504,-10543.7646145799,0,-10034.2151515152,-587.900085436519,-1551.79524824477,-17255.4859880191,-23045.2146774512,-22859.9242425619,-3411.21212850204,-14469.0692708703,-11792.9322438644,5776.16760569756,1912.04892953024,95454.5454545454,17857.1752444413,1401662.71431651,90919.9687082371,186363.636363636,0,23510.3138941454,3813.2169206197,24.5242424242424,9232.42515083202,2232.14690555516,40590.0024308541,38937.5300811271,37750.1854612657,3467.88250524533,35227.8495537616,29752.7998416184,5776.16760569756,1912.04892953024,1929030.5881555,20.2088918759147
"7","ASIS",7,-30712.8973450464,-3477319.33579967,-90297.3573804994,-281818.181818182,-5367531.84077504,-34271.5764346434,-3829.72067934592,-10059.2727272727,-9891.26190506522,-3839.1121681308,-57069.5368557685,-61285.2636477699,-60596.7338324611,-6860.10606300616,-49293.3857181623,-42279.8897145776,0,0,"Iniciativa1",-12208.6555318518,-2052105.31991163,0,-95454.5454545454,-5367531.84077504,-10636.0886221284,0,-10034.2575757576,-567.007752462107,-1526.08194148148,-17190.1293153656,-22751.9947489258,-22978.1837728922,-3461.8896360278,-14579.3036778088,-11780.7784740501,5777.81532901095,1919.59749203039,95454.5454545454,18504.2418131946,1425214.01588804,90297.3573804994,186363.636363636,0,23635.487812515,3829.72067934592,25.015151515152,9324.25415260311,2313.03022664932,39879.4075404029,38533.268898844,37618.5500595689,3398.21642697836,34714.0820403535,30499.1112405275,5777.81532901095,1919.59749203039,1951846.80849571,20.4479189461456
"8","ASIS",8,-30382.2303893338,-3478188.38767724,-90379.7971979336,-281818.181818182,-5367531.84077504,-34505.7799671474,-3831.06531656533,-10058.4454545455,-9666.32452327934,-3797.77879866672,-57945.6896278103,-61261.0857735178,-60641.3173575093,-6839.50975041004,-49302.4261736123,-41136.3513499282,0,0,"Iniciativa1",-12227.3653628079,-2037272.42429559,0,-95454.5454545454,-5367531.84077504,-10540.4092637314,0,-10033.9757575758,-582.259945030273,-1528.42067035099,-17173.6950580365,-22745.5178414394,-22697.049164276,-3436.27950892785,-14380.8456195935,-11646.6680396237,5757.81289394117,1905.20663495758,95454.5454545454,18154.8650265259,1440915.96338165,90379.7971979336,186363.636363636,0,23965.370703416,3831.06531656533,24.4696969696961,9084.06457824907,2269.35812831573,40771.9945697738,38515.5679320784,37944.2681932332,3403.23024148219,34921.5805540187,29489.6833103045,5757.81289394117,1905.20663495758,1967697.93472305,20.6139783637653
"9","ASIS",9,-30204.0461087888,-3442407.51175196,-90583.1596466786,-281818.181818182,-5367531.84077504,-33973.9085644858,-3825.06336624882,-10058.3424242424,-9902.82013067644,-3775.5057635986,-57483.2499785065,-61280.5254210544,-61819.4188505708,-6951.68803856923,-49969.0981822862,-42112.8683347215,0,0,"Iniciativa1",-12219.3903516012,-2088123.22811076,0,-95454.5454545454,-5367531.84077504,-10800.5246281777,0,-10034.3939393939,-591.751828198151,-1527.42379395015,-17165.1818702065,-22798.961878101,-22982.9027262556,-3439.3803924911,-14615.2998310209,-11959.3762672295,5692.40631336825,1914.64289747166,95454.5454545454,17984.6557571876,1354284.2836412,90583.1596466786,186363.636363636,0,23173.3839363081,3825.06336624882,23.9484848484844,9311.06830247829,2248.08196964845,40318.0681083,38481.5635429534,38836.5161243152,3512.30764607813,35353.7983512654,30153.492067492,5692.40631336825,1914.64289747166,1882060.07651948,19.7168198492517
"10","ASIS",10,-30431.1932970076,-3428166.10814574,-90592.0003065443,-281818.181818182,-5367531.84077504,-33753.7638567152,-3832.24527056148,-10058.0818181818,-9817.00985451509,-3803.89916212595,-56877.3538688818,-61383.8382034226,-61291.1601349315,-6859.59676203758,-50120.3321693522,-42253.9226825295,0,0,"Iniciativa1",-12233.1846215007,-2022076.42485821,0,-95454.5454545454,-5367531.84077504,-10307.1063885223,0,-10033.7545454545,-576.595523409243,-1529.14807768759,-17173.4087661709,-22909.6012836907,-22666.3255858589,-3448.86182955249,-14431.1435506944,-11772.2259093878,5743.31488969345,1905.08449186022,95454.5454545454,18198.0086755068,1406089.68328753,90592.0003065443,186363.636363636,0,23446.6574681929,3832.24527056148,24.3272727272724,9240.41433110585,2274.75108443835,39703.9451027109,38474.2369197319,38624.8345490727,3410.73493248509,35689.1886186578,30481.6967731417,5743.31488969345,1905.08449186022,1934094.7603376,20.2619451082987
"11","ASIS",11,-30507.8455734619,-3446216.96020832,-90394.1931223139,-281818.181818182,-5367531.84077504,-33817.2395852658,-3796.0980074731,-10058.6151515152,-9632.64780997174,-3813.48069668274,-57217.1162218268,-60818.2372522851,-60436.0011926326,-6901.06515898828,-48879.0688928548,-41621.3562871522,0,0,"Iniciativa1",-12257.0412935522,-2062812.82430192,0,-95454.5454545454,-5367531.84077504,-10734.3139229591,0,-10034.1484848485,-585.640224050363,-1532.13016169403,-16962.7915052843,-22945.2831183947,-22922.1239632694,-3433.87311657436,-14248.3200396157,-11702.3520829731,5801.93775031251,1935.88203589648,95454.5454545454,18250.8042799097,1383404.1359064,90394.1931223139,186363.636363636,0,23082.9256623067,3796.0980074731,24.4666666666672,9047.00758592138,2281.35053498871,40254.3247165424,37872.9541338905,37513.8772293632,3467.19204241392,34630.7488532391,29919.004204179,5801.93775031251,1935.88203589648,1908040.53909545,19.9889961238571
"12","ASIS",12,-30929.3383154187,-3413705.5759032,-90844.8218260584,-281818.181818182,-5367531.84077504,-33721.6891275942,-3833.05805973231,-10057.6303030303,-9905.5788639181,-3866.16728942734,-57386.0308606411,-61475.3558504204,-60824.5201697931,-6855.08791141842,-49207.422489495,-41500.9591196903,0,0,"Iniciativa1",-12197.703487581,-2062004.76146497,0,-95454.5454545454,-5367531.84077504,-10611.9555108434,0,-10033.8060606061,-576.064293537433,-1524.71293594763,-17309.5210329684,-22963.2823316829,-23064.5073547837,-3459.25262608384,-14467.259102466,-11708.4622314012,5727.38837915237,1908.793432207,95454.5454545454,18731.6348278377,1351700.81443823,90844.8218260584,186363.636363636,0,23109.7336167508,3833.05805973231,23.8242424242417,9329.51457038066,2341.45435347971,40076.5098276727,38512.0735187375,37760.0128150094,3395.83528533457,34740.163387029,29792.4968882891,5727.38837915237,1908.793432207,1878191.76583196,19.6762946896682
"13","ASIS",13,-30648.3455162045,-3479636.18721443,-90352.7271839477,-281818.181818182,-5367531.84077504,-34143.9858060384,-3856.24270347682,-10059.5303030303,-9864.81735003551,-3831.04318952556,-57015.8478124196,-61547.657937834,-61726.1300904811,-6875.73797688713,-49778.8375884768,-42500.623311591,0,0,"Iniciativa1",-12283.2715219157,-2033993.07953981,0,-95454.5454545454,-5367531.84077504,-10478.7109746411,0,-10033.8545454545,-580.373699523569,-1535.40894023946,-17121.8992231732,-22893.2598647201,-23038.4151147807,-3395.71418985953,-14831.6734240548,-11745.2329748846,5721.09736656443,1892.93975022662,95454.5454545454,18365.0739942888,1445643.10767462,90352.7271839477,186363.636363636,0,23665.2748313972,3856.24270347682,25.6757575757583,9284.44365051194,2295.6342492861,39893.9485892464,38654.3980731139,38687.7149757004,3480.0237870276,34947.164164422,30755.3903367064,5721.09736656443,1892.93975022662,1973884.49345175,20.6787899313992
"14","ASIS",14,-30386.5884269113,-3473664.2998029,-90434.2630557363,-281818.181818182,-5367531.84077504,-34241.9415496389,-3801.56162517531,-10058.3787878788,-9880.87326361913,-3798.32355336391,-56800.8335588076,-61562.0529186416,-60824.5730753553,-6827.02951168884,-49598.924304788,-42132.0279199369,0,0,"Iniciativa1",-12295.8712645429,-2060348.41538058,0,-95454.5454545454,-5367531.84077504,-10614.9002739751,0,-10034.1303030303,-576.673774922938,-1536.98390806786,-17425.477459503,-23028.3875072501,-22959.7892435571,-3419.37465260255,-14283.6396337496,-11649.2394181578,5728.8217384974,1893.63301415337,95454.5454545454,18090.7171623684,1413315.88442232,90434.2630557363,186363.636363636,0,23627.0412756638,3801.56162517531,24.2484848484855,9304.1994886962,2261.33964529605,39375.3560993046,38533.6654113915,37864.7838317982,3407.65485908629,35315.2846710384,30482.788501779,5728.8217384974,1893.63301415337,1939824.87965079,20.3219749296749
"15","ASIS",15,-30558.0878638682,-3435595.29439256,-90844.2938903049,-281818.181818182,-5367531.84077504,-34055.6626890304,-3823.14614788648,-10058.1363636364,-9593.85365310379,-3819.76098298352,-57159.2822373221,-61396.1367779619,-61054.6218367582,-6820.51571892788,-49221.3575777482,-41948.4708814614,0,0,"Iniciativa1",-12258.225556491,-2055925.14571524,0,-95454.5454545454,-5367531.84077504,-10590.1482137544,0,-10033.5303030303,-577.869915702188,-1532.27819456138,-17442.9559461729,-22983.7280302199,-22878.0980080063,-3448.86512280602,-14631.1024129004,-11890.7638664612,5766.8932210883,1909.64446010852,95454.5454545454,18299.8623073772,1379670.14867731,90844.2938903049,186363.636363636,0,23465.514475276,3823.14614788648,24.6060606060601,9015.98373740161,2287.48278842215,39716.3262911491,38412.408747742,38176.5238287519,3371.65059612186,34590.2551648478,30057.7070150003,5766.8932210883,1909.64446010852,1905796.08377303,19.9654827823842
"16","ASIS",16,-30668.7829978427,-3452918.92342899,-90465.9626292623,-281818.181818182,-5367531.84077504,-34363.4728714645,-3793.96463436486,-10059.1393939394,-9842.73519023103,-3833.59787473034,-57674.5714146401,-61347.6971893828,-61483.2827639527,-6927.86768521645,-48993.7846439482,-41116.6884756137,0,0,"Iniciativa1",-12002.7863764454,-2058362.22611747,0,-95454.5454545454,-5367531.84077504,-10679.2323460438,0,-10034.6878787879,-580.444853151209,-1500.34829705567,-17171.6546577029,-22758.7347034458,-22896.3535303154,-3402.08855366255,-14517.4568390059,-11844.7985036229,5733.81169892549,1878.8410967039,95454.5454545454,18665.9966213973,1394556.69731152,90465.9626292623,186363.636363636,0,23684.2405254207,3793.96463436486,24.4515151515152,9262.29033707982,2333.24957767467,40502.9167569372,38588.9624859371,38586.9292336373,3525.7791315539,34476.3278049422,29271.8899719908,5733.81169892549,1878.8410967039,1921715.94769614,20.1322623091977
"17","ASIS",17,-30746.1896408505,-3442269.68845666,-90627.4511134948,-281818.181818182,-5367531.84077504,-33783.0198948786,-3822.27433644576,-10058.7575757576,-9843.44314011661,-3843.27370510631,-57111.9860528641,-60848.9616789961,-61484.978125896,-6880.59008697433,-49156.6414067245,-42220.1424500359,0,0,"Iniciativa1",-12370.9607432177,-2059539.19714888,0,-95454.5454545454,-5367531.84077504,-10676.8438477236,0,-10034.2666666667,-576.604492760403,-1546.37009290221,-17232.6734848231,-22768.2788105628,-22613.2591476942,-3446.18861730567,-14351.4603349238,-11843.5109353636,5725.6545546042,1923.45131567661,95454.5454545454,18375.2288976329,1382730.49130778,90627.4511134948,186363.636363636,0,23106.176047155,3822.27433644576,24.4909090909096,9266.8386473562,2296.90361220411,39879.3125680409,38080.6828684333,38871.7189782019,3434.40146966866,34805.1810718007,30376.6315146723,5725.6545546042,1923.45131567661,1909710.5255759,20.0064912203189
"18","ASIS",18,-30789.7422831365,-3454908.3485107,-90732.9354547586,-281818.181818182,-5367531.84077504,-34105.4972581152,-3840.01801870262,-10057.5818181818,-9973.52055554817,-3848.71778539206,-57186.2183091945,-60810.680754809,-60859.4315417608,-6888.81990199645,-49281.6967828258,-42511.719221577,0,0,"Iniciativa1",-12248.6883821805,-2042371.85713042,0,-95454.5454545454,-5367531.84077504,-10625.4423095434,0,-10033.4878787879,-585.146456228487,-1531.08604777256,-17017.7718583869,-22993.6020433563,-22915.4198768987,-3437.33076707846,-14791.8648826401,-11885.9631975048,5737.59525128785,1940.3978820088,95454.5454545454,18541.053900956,1412536.49138028,90732.9354547586,186363.636363636,0,23480.0549485718,3840.01801870262,24.0939393939389,9388.37409931968,2317.6317376195,40168.4464508075,37817.0787114528,37944.011664862,3451.48913491799,34489.8319001857,30625.7560240722,5737.59525128785,1940.3978820088,1939398.89686284,20.3175122528488
"19","ASIS",19,-30626.4330177782,-3431099.24735767,-90251.9636768206,-281818.181818182,-5367531.84077504,-33868.8643523195,-3814.8571109682,-10058.0454545455,-9807.86800312708,-3828.30412722227,-57626.7402931932,-61364.5354963928,-61336.8275847085,-6864.3086068623,-49876.7892103922,-42011.3532954807,0,0,"Iniciativa1",-12350.9652296406,-2085425.6044298,0,-95454.5454545454,-5367531.84077504,-10749.8228359097,0,-10034.296969697,-574.400802124095,-1543.87065370507,-17271.6219515422,-22865.1412731161,-22879.5514000539,-3421.23084173248,-14694.9932293295,-11758.7427781199,5673.86918289796,1928.84926526088,95454.5454545454,18275.4677881376,1345673.64292787,90251.9636768206,186363.636363636,0,23119.0415164099,3814.8571109682,23.7484848484837,9233.46720100299,2284.4334735172,40355.118341651,38499.3942232767,38457.2761846546,3443.07776512982,35181.7959810626,30252.6105173608,5673.86918289796,1928.84926526088,1872832.2500045,19.6201473809996
"20","ASIS",20,-30722.0804267077,-3480559.81191512,-90635.4411748482,-281818.181818182,-5367531.84077504,-33670.6609466341,-3830.96749277761,-10059.0545454545,-9899.7669896632,-3840.26005333846,-56865.9542174932,-61398.0124186582,-61242.9618286795,-6841.72352340388,-49939.8966849934,-41510.1893633061,0,0,"Iniciativa1",-12232.0375633601,-2038193.35768629,0,-95454.5454545454,-5367531.84077504,-10580.1755701621,0,-10033.8636363636,-581.316182370998,-1529.00469542002,-17361.6337050925,-22830.73066228,-22929.3052829545,-3478.33104905194,-14470.063055336,-11818.5688936847,5776.68531144244,1905.5355348003,95454.5454545454,18490.0428633476,1442366.45422883,90635.4411748482,186363.636363636,0,23090.485376472,3830.96749277761,25.1909090909103,9318.4508072922,2311.25535791844,39504.3205124006,38567.2817563783,38313.656545725,3363.39247435194,35469.8336296574,29691.6204696214,5776.68531144244,1905.5355348003,1969024.25080859,20.6278731037091
"21","ASIS",21,-30768.4388106238,-3401108.70529769,-90370.8004310516,-281818.181818182,-5367531.84077504,-33698.386871482,-3813.92295240705,-10057.9454545455,-9822.68848916546,-3846.05485132798,-57701.6686550501,-60337.3061207807,-61411.7664728648,-6764.69430084169,-49702.3339679594,-42261.3686573401,0,0,"Iniciativa1",-12182.2883963606,-2047111.88071488,0,-95454.5454545454,-5367531.84077504,-10589.7521229651,0,-10034.0787878788,-579.515484685194,-1522.78604954507,-17226.0034420196,-22811.9694961344,-23159.1169330754,-3443.22955678221,-14522.1211807817,-11745.1745793996,5745.08439104659,1919.51441207096,95454.5454545454,18586.1504142633,1353996.82458281,90370.8004310516,186363.636363636,0,23108.634748517,3813.92295240705,23.866666666665,9243.17300448027,2323.26880178291,40475.6652130305,37525.3366246462,38252.6495397894,3321.46474405948,35180.2127871777,30516.1940779405,5745.08439104659,1919.51441207096,1880766.39975538,19.7032670450564
"22","ASIS",22,-30544.6242459975,-3440863.59800415,-90627.5124654291,-281818.181818182,-5367531.84077504,-33669.9698920361,-3824.23945117363,-10059.0181818182,-9878.86631666227,-3818.07803074969,-57306.2052159796,-60367.7206398717,-60982.5516195205,-6796.55416836481,-49717.5155998059,-41734.4227602756,0,0,"Iniciativa1",-12253.6395475625,-2065808.59040694,0,-95454.5454545454,-5367531.84077504,-10658.7217236899,0,-10034.7575757576,-580.116898900113,-1531.70494344531,-17207.672256363,-22556.5831890593,-22677.4690357815,-3448.83798068218,-14406.9945524328,-11717.8701624171,5734.8883997414,1904.57809394142,95454.5454545454,18290.984698435,1375055.00759722,90627.5124654291,186363.636363636,0,23011.2481683462,3824.23945117363,24.2606060606067,9298.74941776216,2286.37308730437,40098.5329596166,37811.1374508124,38305.082583739,3347.71618768263,35310.5210473731,30016.5525978586,5734.8883997414,1904.57809394142,1901311.02117613,19.9184964123213
"23","ASIS",23,-30396.070732275,-3452987.46544215,-90765.5731749932,-281818.181818182,-5367531.84077504,-33634.2393145464,-3837.44075548747,-10057.796969697,-9789.39622574101,-3799.50884153437,-57219.3331259312,-60715.4654695576,-61250.0415273513,-6795.77871051886,-49701.2625357745,-42279.8608072299,0,0,"Iniciativa1",-12288.4063912913,-2081514.39360462,0,-95454.5454545454,-5367531.84077504,-10736.9091324337,0,-10034.2545454545,-577.239442804979,-1536.05079891141,-17328.1100397763,-22716.1709318592,-22707.0269573025,-3438.06448423496,-14373.527705799,-11690.3446057554,5789.30128322627,1923.6337901571,95454.5454545454,18107.6643409837,1371473.07183753,90765.5731749932,186363.636363636,0,22897.3301821127,3837.44075548747,23.5424242424251,9212.15678293603,2263.45804262296,39891.2230861549,37999.2945376983,38543.0145700487,3357.7142262839,35327.7348299755,30589.5162014745,5789.30128322627,1923.6337901571,1898365.30642956,19.8876365435478
"24","ASIS",24,-30252.1639935693,-3422706.51193147,-90319.4294518123,-281818.181818182,-5367531.84077504,-33791.2587734862,-3792.90125185843,-10058.1848484848,-9962.90291225074,-3781.52049919616,-57808.1273471606,-62077.4144917945,-61338.7826995075,-6905.0496293739,-49977.6053080444,-42076.8670488858,0,0,"Iniciativa1",-12284.4928732456,-2083211.72373849,0,-95454.5454545454,-5367531.84077504,-10663.5351907114,0,-10034.5909090909,-587.218280225592,-1535.5616091557,-17105.6694318671,-22776.3122606837,-22910.4384274091,-3454.66185162188,-14650.3099898899,-11778.6932107578,5749.99758708748,1917.7144767893,95454.5454545454,17967.6711203237,1339494.78819298,90319.4294518123,186363.636363636,0,23127.7235827749,3792.90125185843,23.5939393939389,9375.68463202515,2245.95889004046,40702.4579152935,39301.1022311108,38428.3442720984,3450.38777775202,35327.2953181546,30298.173838128,5749.99758708748,1917.7144767893,1867886.86084126,19.5683385421465
"25","ASIS",25,-30182.2423613429,-3456186.66482507,-90532.3314350958,-281818.181818182,-5367531.84077504,-33930.9576517045,-3792.38150941299,-10058.2515151515,-9797.25138116975,-3772.78029516786,-57373.1055823862,-61754.8442493545,-60102.628175729,-6937.22999720254,-49761.2139414749,-42730.7881439993,0,0,"Iniciativa1",-12229.4999396585,-2081373.86994148,0,-95454.5454545454,-5367531.84077504,-10637.4148706249,0,-10034.7575757576,-583.52083392164,-1528.68749245731,-17012.3374007334,-22985.782596023,-22852.178858456,-3430.66378172865,-14330.370657676,-11507.4511115956,5728.86179097733,1911.25073654686,95454.5454545454,17952.7424216844,1374812.79488359,90532.3314350958,186363.636363636,0,23293.5427810795,3792.38150941299,23.4939393939385,9213.73054724811,2244.09280271055,40360.7681816528,38769.0616533315,37250.4493172729,3506.56621547388,35430.8432837988,31223.3370324037,5728.86179097733,1911.25073654686,1902409.88489531,19.9300083179509
"26","ASIS",26,-30684.6508863074,-3417567.97458529,-90878.1934631939,-281818.181818182,-5367531.84077504,-33747.65260573,-3845.21966533079,-10057.8848484848,-9860.93808534638,-3835.58136078843,-56937.9968327582,-60764.6378877177,-61042.9777924702,-6921.90926511403,-49848.2648590606,-42436.0208932932,0,0,"Iniciativa1",-12004.5453614708,-2066552.3167401,0,-95454.5454545454,-5367531.84077504,-10705.1153555109,0,-10034.3,-578.585768721761,-1500.56817018384,-17157.9821804513,-23006.8007689467,-22723.4390612138,-3418.34121859177,-14686.9641913048,-12015.5292815725,5728.71910505976,1905.60444651714,95454.5454545454,18680.1055248367,1351015.65784519,90878.1934631939,186363.636363636,0,23042.5372502191,3845.21966533079,23.5848484848484,9282.35231662462,2335.01319060459,39780.0146523069,37757.837118771,38319.5387312563,3503.56804652226,35161.3006677558,30420.4916117207,5728.71910505976,1905.60444651714,1878043.37484803,19.6747401174555
"27","ASIS",27,-30717.15227515,-3423307.07081587,-90990.0914578123,-281818.181818182,-5367531.84077504,-33931.0464248461,-3815.16847837978,-10057.5454545455,-9818.09822981409,-3839.64403439375,-57271.7667080426,-61565.4102124371,-60836.4155246104,-6837.25691305434,-49893.5751756335,-42660.4786638363,0,0,"Iniciativa1",-12363.7057696597,-2076852.21602982,0,-95454.5454545454,-5367531.84077504,-10727.2666396781,0,-10034.2212121212,-582.692359234873,-1545.46322120746,-17147.7182157917,-22938.5754275749,-23086.2507905517,-3432.59587726008,-14456.7595062823,-11859.9593472554,5738.82935687712,1914.69135436077,95454.5454545454,18353.4465054903,1346454.85478606,90990.0914578123,186363.636363636,0,23203.779785168,3815.16847837978,23.3242424242417,9235.40587057922,2294.18081318629,40124.0484922509,38626.8347848622,37750.1647340587,3404.66103579426,35436.8156693512,30800.5193165809,5738.82935687712,1914.69135436077,1874530.45304687,19.6379380795386
"28","ASIS",28,-30632.1903115605,-3466893.79515451,-90996.8412921877,-281818.181818182,-5367531.84077504,-33699.6981482351,-3825.04152847349,-10058.7121212121,-9760.72193179307,-3829.02378894507,-57557.2114972008,-61158.4275335376,-61267.0343124062,-6893.92737918873,-49590.7798698098,-42532.6004366791,0,0,"Iniciativa1",-12258.5445208108,-2076346.44384973,0,-95454.5454545454,-5367531.84077504,-10799.0660566711,0,-10034.196969697,-581.588588064778,-1532.31806510135,-17106.0880621398,-22808.6868659976,-23514.2973457023,-3427.86698427524,-14575.3576376425,-11679.7221800966,5726.1052232389,1918.6005400704,95454.5454545454,18373.6457907498,1390547.35130478,90996.8412921877,186363.636363636,0,22900.632091564,3825.04152847349,24.515151515152,9179.1333437283,2296.70572384372,40451.1234350609,38349.7406675399,37752.7369667039,3466.06039491349,35015.4222321672,30852.8782565825,5726.1052232389,1918.6005400704,1918040.17030676,20.0937541651184
"29","ASIS",29,-30243.6758691417,-3457198.10668729,-90695.122227915,-281818.181818182,-5367531.84077504,-34077.483299773,-3792.3814426133,-10058.4212121212,-9950.05206787688,-3780.45948364271,-57526.6504438057,-61534.6778179321,-61852.6504706979,-6916.30865438736,-49448.4205687235,-42352.6384830883,0,0,"Iniciativa1",-12235.8592795782,-2062199.35216825,0,-95454.5454545454,-5367531.84077504,-10717.7486653102,0,-10034.0848484848,-574.470240436558,-1529.48240994727,-17254.3604542955,-22954.3432626281,-23030.0984801873,-3403.34173894099,-14526.1796637611,-11854.245543295,5764.09349858416,1890.38425019509,95454.5454545454,18007.8165895636,1394998.75451904,90695.122227915,186363.636363636,0,23359.7346344628,3792.3814426133,24.3363636363629,9375.58182744032,2250.97707369544,40272.2899895102,38580.334555304,38822.5519905106,3512.96691544637,34922.2409049624,30498.3929397933,5764.09349858416,1890.38425019509,1923131.59608631,20.1470929113804
"30","ASIS",30,-30588.1714838755,-3445390.20472444,-90640.4056975418,-281818.181818182,-5367531.84077504,-33904.5730574995,-3823.46021992262,-10058.803030303,-9646.09942476019,-3823.52143548444,-57184.1919729533,-61795.9826020887,-60111.1724310117,-6798.42305017233,-48825.4511174622,-41489.1576062778,0,0,"Iniciativa1",-12279.3878538921,-2071790.79969039,0,-95454.5454545454,-5367531.84077504,-10657.0224763766,0,-10034.2939393939,-579.839434300958,-1534.92348173651,-17125.4271284961,-23129.5173821812,-22851.8656005211,-3450.81051838205,-14476.8838243007,-11908.3204034015,5796.66762615222,1906.46272789817,95454.5454545454,18308.7836299834,1373599.40503405,90640.4056975418,186363.636363636,0,23247.5505811229,3823.46021992262,24.5090909090904,9066.25999045923,2288.59795374793,40058.7648444572,38666.4652199075,37259.3068304906,3347.61253179028,34348.5672931615,29580.8372028763,5796.66762615222,1906.46272789817,1898327.29283811,19.887238305923
"31","ASIS",31,-30445.2216383563,-3458714.84407682,-90961.7195445672,-281818.181818182,-5367531.84077504,-34024.5513165403,-3811.35486500861,-10058.4,-9861.9722956749,-3805.65270479453,-56310.4184263453,-61409.5039354828,-61025.2997217302,-6875.21129248537,-49973.4194661061,-42131.8853267371,0,0,"Iniciativa1",-12381.6376064569,-2070876.58811129,0,-95454.5454545454,-5367531.84077504,-10630.2978811319,0,-10034.4727272727,-593.425995957326,-1547.70470080711,-17251.4838994471,-22841.2351016813,-22880.7017182185,-3397.83414707144,-14609.6652824223,-11835.0527454096,5724.99268390191,1916.57136998351,95454.5454545454,18063.5840318994,1387838.25596553,90961.7195445672,186363.636363636,0,23394.2534354084,3811.35486500861,23.9272727272728,9268.54629971757,2257.94800398742,39058.9345268982,38568.2688338015,38144.5980035118,3477.37714541393,35363.7541836838,30296.8325813275,5724.99268390191,1916.57136998351,1914534.555111,20.0570286725914
"32","ASIS",32,-30759.7930683494,-3484438.31344119,-90576.643899441,-281818.181818182,-5367531.84077504,-34083.6723527496,-3818.2071904254,-10058.9545454545,-9926.56742119287,-3844.97413354368,-57669.7914000697,-60974.526806881,-61097.2161131592,-6868.35165449571,-49232.8154968976,-42243.9991583464,0,0,"Iniciativa1",-12027.0204051175,-2086589.97172176,0,-95454.5454545454,-5367531.84077504,-10733.6019031123,0,-10034.2484848485,-577.199441724057,-1503.37755063969,-17086.3377377247,-22673.1093993316,-22823.0531807164,-3492.47026863486,-14515.1617463096,-11942.8784131041,5726.17288068861,1916.83497364309,95454.5454545454,18732.7726632319,1397848.34171943,90576.643899441,186363.636363636,0,23350.0704496373,3818.2071904254,24.7060606060604,9349.36797946882,2341.59658290399,40583.453662345,38301.4174075494,38274.1629324428,3375.88138586085,34717.653750588,30301.1207452424,5726.17288068861,1916.83497364309,1925602.04064714,20.1729737591605
"33","ASIS",33,-30255.8416395678,-3433915.80097671,-90373.1729051958,-281818.181818182,-5367531.84077504,-33688.1056764804,-3824.59733997318,-10058.0060606061,-9942.75420594413,-3781.98020494597,-57071.8115210387,-60703.5352829379,-61404.1062274984,-6867.92104582971,-49150.0487617359,-41972.9259489218,0,0,"Iniciativa1",-12225.7198691605,-2061205.8237855,0,-95454.5454545454,-5367531.84077504,-10811.665748735,0,-10033.9333333333,-582.761234268869,-1528.21498364507,-17125.8582027996,-22871.1869977263,-23006.7292499776,-3467.56938083255,-14479.6267454851,-11696.0637547442,5696.25676442991,1907.46652627306,95454.5454545454,18030.1217704072,1372709.97719121,90373.1729051958,186363.636363636,0,22876.4399277454,3824.59733997318,24.072727272729,9359.99297167526,2253.7652213009,39945.9533182391,37832.3482852116,38397.3769775207,3400.35166499715,34670.4220162508,30276.8621941777,5696.25676442991,1907.46652627306,1897942.81416552,19.883210434115
"34","ASIS",34,-30621.7739837941,-3441502.15124845,-90842.1610634205,-281818.181818182,-5367531.84077504,-34216.3875425604,-3790.54237328448,-10059.2151515152,-9702.94016985901,-3827.72174797426,-57296.2202346816,-61054.8146189292,-61445.1344051179,-6906.75498521584,-49623.2573360352,-41911.6605433425,0,0,"Iniciativa1",-12104.9369821608,-2073488.82000877,0,-95454.5454545454,-5367531.84077504,-10599.0403946237,0,-10034.1848484848,-593.344123111739,-1513.1171227701,-17319.8283264268,-22777.8242693561,-22976.9417075058,-3428.03895471742,-14808.0602598382,-11936.8309205899,5745.46649151559,1884.74541381001,95454.5454545454,18516.8370016332,1368013.33123968,90842.1610634205,186363.636363636,0,23617.3471479368,3790.54237328448,25.0303030303021,9109.59604674727,2314.60462520416,39976.3919082548,38276.9903495732,38468.1926976122,3478.71603049842,34815.197076197,29974.8296227527,5745.46649151559,1884.74541381001,1895213.61575478,19.8546188317168
"35","ASIS",35,-30239.7805580829,-3412699.29540699,-90792.586585699,-281818.181818182,-5367531.84077504,-33807.6555794854,-3802.12953180681,-10058.0727272727,-9735.40977718572,-3779.97256976037,-57194.3199714033,-60911.7815433952,-60933.855141592,-6870.6963790282,-49466.8758972557,-41127.6958675337,0,0,"Iniciativa1",-12049.1216601264,-2071732.82036692,0,-95454.5454545454,-5367531.84077504,-10599.8312987145,0,-10034.203030303,-576.285160043171,-1506.1402075158,-17104.6079891228,-22860.2795464011,-23017.4603524323,-3441.04997579776,-14464.161483211,-11626.4836590823,5731.44869634906,1905.14776671522,95454.5454545454,18190.6588979565,1340966.47504007,90792.586585699,186363.636363636,0,23207.8242807709,3802.12953180681,23.8696969696975,9159.12461714254,2273.83236224456,40089.7119822804,38051.501996994,37916.3947891597,3429.64640323044,35002.7144140446,29501.2122084514,5731.44869634906,1905.14776671522,1866407.91563352,19.5528448304464
"36","ASIS",36,-30858.5307987253,-3436177.98439126,-90747.552254148,-281818.181818182,-5367531.84077504,-34300.0748389546,-3841.30036199736,-10058.3484848485,-9847.51520132438,-3857.31634984067,-57249.9411019417,-61909.3212329808,-61435.8438879536,-6851.37111701639,-49889.2321170861,-41837.445104707,0,0,"Iniciativa1",-12248.8115561224,-2076155.94331703,0,-95454.5454545454,-5367531.84077504,-10714.1662781048,0,-10034.6515151515,-579.097510761889,-1531.1014445153,-17343.3004769582,-22925.3526813224,-22777.2073481075,-3431.47519888652,-14249.723826148,-11758.3524727447,5736.81604076957,1912.04768763042,95454.5454545454,18609.7192426029,1360022.04107423,90747.552254148,186363.636363636,0,23585.9085608498,3841.30036199736,23.6969696969682,9268.41769056249,2326.21490532537,39906.6406249834,38983.9685516583,38658.6365398461,3419.89591812987,35639.5082909381,30079.0926319623,5736.81604076957,1912.04768763042,1889125.09370897,19.7908343150463
"37","ASIS",37,-30494.3172697677,-3478665.32039693,-90541.4034140544,-281818.181818182,-5367531.84077504,-34217.3328103356,-3813.72888698278,-10058.8424242424,-9810.38254811031,-3811.78965872096,-56894.9724080388,-60572.8495271136,-60203.6537974974,-6893.05663999107,-49618.174406811,-41624.1706053867,0,0,"Iniciativa1",-12269.319206904,-2087642.98468743,0,-95454.5454545454,-5367531.84077504,-10899.9917336844,0,-10033.9939393939,-567.451910739035,-1533.664900863,-17282.4005812608,-22970.1949143317,-22775.2812929476,-3420.35873368434,-14620.5436904982,-11831.8387467905,5770.84820006938,1913.79682116739,95454.5454545454,18224.9980628637,1391022.33570951,90541.4034140544,186363.636363636,0,23317.3410766512,3813.72888698278,24.8484848484859,9242.93063737128,2278.12475785796,39612.571826778,37602.6546127819,37428.3725045498,3472.69790630673,34997.6307163129,29792.3318585962,5770.84820006938,1913.79682116739,1915420.25184034,20.0663074002321
"38","ASIS",38,-30479.4789199639,-3437915.84126226,-90181.4396337164,-281818.181818182,-5367531.84077504,-34053.4003870442,-3808.31374335994,-10058.7575757576,-9883.56424344889,-3809.93486499549,-58081.0732550125,-61540.9378111418,-60676.9611826725,-6883.54543615694,-49637.7547235657,-42351.1733175516,0,0,"Iniciativa1",-12202.0416557259,-2071014.19286062,0,-95454.5454545454,-5367531.84077504,-10672.7990878425,0,-10034.5151515152,-576.899229645183,-1525.25520696574,-17076.2234731316,-23111.5241146612,-22964.3969745083,-3406.89709417609,-14646.4990697413,-11776.4854274579,5758.26795972553,1915.27830409219,95454.5454545454,18277.437264238,1366901.64840165,90181.4396337164,186363.636363636,0,23380.6012992016,3808.31374335994,24.242424242424,9306.66501380371,2284.67965802975,41004.8497818809,38429.4136964806,37712.5642081642,3476.64834198085,34991.2556538243,30574.6878900937,5758.26795972553,1915.27830409219,1894391.62963812,19.8460075485898
"39","ASIS",39,-30908.9158272863,-3435623.35779262,-90513.0547154145,-281818.181818182,-5367531.84077504,-33429.5015371149,-3819.38335723857,-10058.3515151515,-9800.93565292693,-3863.61447841079,-57431.2676866346,-61754.764896405,-60924.4970683244,-6860.5785517058,-49741.3696857752,-42177.796039348,0,0,"Iniciativa1",-12117.3413676048,-2083920.02493263,0,-95454.5454545454,-5367531.84077504,-10764.2302723544,0,-10034.4848484848,-569.660031102998,-1514.6676709506,-17151.9907294411,-23262.0973403794,-23310.2156109824,-3417.97695805703,-14677.809774229,-11927.3318511515,5713.94223736019,1910.86869307457,95454.5454545454,18791.5744596815,1351703.33285999,90513.0547154145,186363.636363636,0,22665.2712647605,3819.38335723857,23.8666666666668,9231.27562182393,2348.94680746019,40279.2769571935,38492.6675560256,37614.281457342,3442.60159364877,35063.5599115462,30250.4641881965,5713.94223736019,1910.86869307457,1878228.00471106,19.6766743350683
"40","ASIS",40,-30431.7836256233,-3452456.02806893,-91238.8577327456,-281818.181818182,-5367531.84077504,-34087.9385248705,-3857.01643468085,-10058.4272727273,-9898.9071722148,-3803.97295320291,-58070.2932623131,-61743.9658442636,-61556.4339670058,-6926.19066739784,-48945.3947242116,-42276.5900483513,0,0,"Iniciativa1",-12175.7919951366,-2089382.67997124,0,-95454.5454545454,-5367531.84077504,-10808.4080859874,0,-10034.6696969697,-581.11154743857,-1521.97399939207,-17074.8881988074,-23021.3121712896,-23093.6314507943,-3409.65744975231,-14436.7735606706,-11709.0492331383,5685.81257918667,1918.34183670349,95454.5454545454,18255.9916304867,1363073.34809769,91238.8577327456,186363.636363636,0,23279.5304388831,3857.01643468085,23.757575757576,9317.79562477623,2281.99895381084,40995.4050635057,38722.653672974,38462.8025162114,3516.53321764553,34508.621163541,30567.540815213,5685.81257918667,1918.34183670349,1892069.64371745,19.8216819818019
"41","ASIS",41,-30324.2135158763,-3459696.55342317,-90738.623544009,-281818.181818182,-5367531.84077504,-33872.8631484431,-3831.70310393268,-10058.4848484848,-9904.66915929004,-3790.52668948454,-57583.7337323854,-61441.1959159996,-62035.3472550759,-6834.84633841828,-49599.5186303954,-41113.7584802976,0,0,"Iniciativa1",-12259.3901889173,-2071592.05144725,0,-95454.5454545454,-5367531.84077504,-10692.2105336972,0,-10034.3060606061,-582.610699366624,-1532.42377361466,-17172.7978493743,-22763.1211473411,-22990.3200262983,-3428.39528254531,-14478.5580601754,-11571.1331596016,5786.23170390586,1906.60966945021,95454.5454545454,18064.823326959,1388104.50197593,90738.623544009,186363.636363636,0,23180.6526147459,3831.70310393268,24.1787878787873,9322.05845992342,2258.10291586988,40410.9358830111,38678.0747686586,39045.0272287776,3406.45105587296,35120.96057022,29542.6253206961,5786.23170390586,1906.60966945021,1915785.19729348,20.0701306383126
"42","ASIS",42,-30367.2786135192,-3426124.29818845,-90468.2547530491,-281818.181818182,-5367531.84077504,-33756.8134627906,-3831.3650980905,-10057.8575757576,-10004.495799874,-3795.9098266899,-57439.9565423617,-61294.8423518196,-60288.7934031169,-6918.59964803083,-48592.7142107242,-41260.1851844198,0,0,"Iniciativa1",-12266.8330283934,-2063550.90267028,0,-95454.5454545454,-5367531.84077504,-10636.3628338279,0,-10034.2727272727,-577.564719713444,-1533.35412854917,-17399.6173333944,-23094.6566850564,-22872.0891599291,-3472.95531360442,-14467.9863449249,-11619.5070345638,5742.99662336573,1906.48743246141,95454.5454545454,18100.4455851258,1362573.39551816,90468.2547530491,186363.636363636,0,23120.4506289627,3831.3650980905,23.5848484848484,9426.93108016059,2262.55569814073,40040.3392089672,38200.1856667632,37416.7042431878,3445.64433442642,34124.7278657992,29640.678149856,5742.99662336573,1906.48743246141,1886688.38309864,19.7653068705572
"43","ASIS",43,-30737.5523610767,-3451149.48217669,-90661.2016204954,-281818.181818182,-5367531.84077504,-34145.6660889236,-3833.05749868034,-10058.5757575758,-9807.92987061742,-3842.19404513459,-57255.0145811482,-60381.5844759597,-60725.1858220287,-6904.01799260839,-49593.3575144467,-42789.9880300873,0,0,"Iniciativa1",-12141.1887037629,-2069140.85936006,0,-95454.5454545454,-5367531.84077504,-10561.6768352122,0,-10034.2090909091,-587.030767858082,-1517.64858797037,-17476.8150718646,-22893.0123197626,-22876.9428830365,-3434.13353850874,-14688.9419078948,-11994.1002052311,5720.99132021143,1924.74410443115,95454.5454545454,18596.3636573138,1382008.62281663,90661.2016204954,186363.636363636,0,23583.9892537114,3833.05749868034,24.3666666666668,9220.89910275933,2324.54545716422,39778.1995092836,37488.5721561971,37848.2429389922,3469.88445409965,34904.4156065519,30795.8878248562,5720.99132021143,1924.74410443115,1908547.62035168,19.9943084036843
"44","ASIS",44,-30620.928151078,-3430041.92315072,-90926.6356025178,-281818.181818182,-5367531.84077504,-33410.101247951,-3803.68918112194,-10058.6424242424,-9804.20399967665,-3827.61601888475,-56627.0815705832,-61375.1349863373,-61175.4407129114,-6930.9866989209,-49729.342093951,-42016.7281707604,0,0,"Iniciativa1",-12091.3136381508,-2055489.90241464,0,-95454.5454545454,-5367531.84077504,-10583.1697315236,0,-10033.9212121212,-587.007983040076,-1511.41420476885,-17120.2901033622,-22958.2310462511,-23154.8637559506,-3486.14333551123,-14655.8104817292,-11835.5466639184,5810.41833403078,1907.24026354841,95454.5454545454,18529.6145129272,1374552.02073607,90926.6356025178,186363.636363636,0,22826.9315164274,3803.68918112194,24.7212121212124,9217.19601663657,2316.2018141159,39506.791467221,38416.9039400862,38020.5769569608,3444.84336340967,35073.5316122218,30181.181506842,5810.41833403078,1907.24026354841,1900922.1343999,19.9144223603799
"45","ASIS",45,-30771.0577624453,-3473165.79427763,-90311.7848477653,-281818.181818182,-5367531.84077504,-34090.7628379569,-3827.7534466018,-10059.1939393939,-9722.76440033119,-3846.38222030566,-57592.8886081305,-60681.4931107368,-60246.8615041323,-6918.72335107758,-50749.4172711166,-42058.0369976346,0,0,"Iniciativa1",-12170.6805193571,-2053790.64860825,0,-95454.5454545454,-5367531.84077504,-10595.8296875208,0,-10034.0212121212,-582.378382352441,-1521.33506491963,-17167.6955682155,-22828.9116387886,-22680.0576002951,-3441.59377045774,-14414.380515039,-11616.1065608241,5760.986652017,1898.94741722654,95454.5454545454,18600.3772430882,1419375.14566938,90311.7848477653,186363.636363636,0,23494.9331504361,3827.7534466018,25.1727272727276,9140.38601797875,2325.04715538603,40425.193039915,37852.5814719482,37566.8039038372,3477.12958061984,36335.0367560776,30441.9304368105,5760.986652017,1898.94741722654,1947222.84588,20.3994774330286
"46","ASIS",46,-30802.1825267848,-3437881.56601293,-90430.9500687688,-281818.181818182,-5367531.84077504,-33358.9567088867,-3819.61817620128,-10057.7787878788,-9873.14177374707,-3850.2728158481,-56996.1083242404,-60582.8384745298,-60888.7584683411,-6926.4188033373,-49226.5339387498,-42793.3399430934,0,0,"Iniciativa1",-12145.5160253491,-2072938.9936741,0,-95454.5454545454,-5367531.84077504,-10816.0103290749,0,-10034.2424242424,-582.329038375185,-1518.18950316864,-17174.2385151351,-23095.7663157664,-23009.7435053899,-3447.56700394883,-14506.1107687314,-11811.5241318858,5694.0539285186,1901.28778002333,95454.5454545454,18656.6665014357,1364942.57233882,90430.9500687688,186363.636363636,0,22542.9463798118,3819.61817620128,23.5363636363636,9290.81273537189,2332.08331267946,39821.8698091054,37487.0721587634,37879.0149629512,3478.85179938847,34720.4231700184,30981.8158112076,5694.0539285186,1901.28778002333,1890367.21166034,19.8038469792988
"47","ASIS",47,-30101.3876581372,-3433022.91793179,-90386.4981601983,-281818.181818182,-5367531.84077504,-33695.3998351917,-3816.3135862157,-10058.3909090909,-9923.79304153014,-3762.67345726715,-56746.3228382987,-60898.4421504905,-61669.7887362538,-6914.85246841302,-48516.1266776332,-41108.4772769444,0,0,"Iniciativa1",-12206.6416372398,-2056568.52120678,0,-95454.5454545454,-5367531.84077504,-10579.9927936742,0,-10034.0212121212,-579.393269116942,-1525.83020465497,-17061.2550733669,-23033.8440556906,-22809.9532897468,-3398.63230954279,-14512.3741346455,-11824.6662317647,5703.01223178046,1884.5349728243,95454.5454545454,17894.7460208974,1376454.39672501,90386.4981601983,186363.636363636,0,23115.4070415175,3816.3135862157,24.3696969696975,9344.3997724132,2236.84325261217,39685.0677649318,37864.5980947999,38859.835446507,3516.22015887023,34003.7525429877,29283.8110451797,5703.01223178046,1884.5349728243,1900437.44287735,19.9093446396675
"48","ASIS",48,-30801.2196259628,-3484440.03564044,-90554.0061684653,-281818.181818182,-5367531.84077504,-34061.671276977,-3799.57769742602,-10058.796969697,-9775.05057430111,-3850.15245324535,-57452.8619050151,-60627.2049509406,-61337.6706035902,-6840.2233615311,-50025.4727765164,-41998.3425673545,0,0,"Iniciativa1",-12209.9520023035,-2065059.73205899,0,-95454.5454545454,-5367531.84077504,-10677.9269986951,0,-10034.296969697,-581.303003387643,-1526.24400028794,-17128.0595964818,-22914.402433668,-22726.7231754064,-3440.88931252192,-14485.9307940201,-11721.8825799779,5710.40056831783,1932.58614392247,95454.5454545454,18591.2676236593,1419380.30358145,90554.0061684653,186363.636363636,0,23383.7442782819,3799.57769742602,24.5,9193.74757091347,2323.90845295741,40324.8023085333,37712.8025172726,38610.9474281839,3399.33404900917,35539.5419824963,30276.4599873766,5710.40056831783,1932.58614392247,1947121.5667219,20.3984164132771
"49","ASIS",49,-30322.1171974661,-3476356.74706613,-90455.1361197898,-281818.181818182,-5367531.84077504,-33976.1404418138,-3818.15318654096,-10058.7272727273,-9832.58713840876,-3790.26464968326,-58003.9279003654,-61023.8953145437,-61018.8484457524,-6915.1493491261,-49461.5996003227,-42099.296473902,0,0,"Iniciativa1",-12223.6591409796,-2065165.95293269,0,-95454.5454545454,-5367531.84077504,-10669.0623590203,0,-10034.1696969697,-574.987840679299,-1527.95739262246,-17257.2980180076,-23061.6476749831,-22961.0634239549,-3470.08985840253,-14540.3849100195,-11812.2291126237,5756.65341169294,1898.98704107283,95454.5454545454,18098.4580564864,1411190.79413344,90455.1361197898,186363.636363636,0,23307.0780827935,3818.15318654096,24.5575757575753,9257.59929772946,2262.3072570608,40746.6298823578,37962.2476395606,38057.7850217976,3445.05949072357,34921.2146903032,30287.0673612784,5756.65341169294,1898.98704107283,1937853.36461202,20.3013209626021
"50","ASIS",50,-30653.2365504486,-3470694.08504803,-91174.5547809659,-281818.181818182,-5367531.84077504,-34029.4758889005,-3828.34715881539,-10058.796969697,-9844.8163167239,-3831.65456880608,-57386.2429926123,-61164.0874996249,-61326.4321408364,-6872.74723384456,-49858.1204933751,-42473.7806246617,0,0,"Iniciativa1",-12238.8571887864,-2060818.86500578,0,-95454.5454545454,-5367531.84077504,-10665.7466142637,0,-10034.1060606061,-585.247863325324,-1529.8571485983,-17161.3343786223,-22947.3916228009,-23083.208245151,-3433.63982548768,-14374.0798553152,-11709.6325266326,5717.23964456168,1925.0911821992,95454.5454545454,18414.3793616622,1409875.22004226,91174.5547809659,186363.636363636,0,23363.7292746368,3828.34715881539,24.6909090909103,9259.56845339858,2301.79742020778,40224.90861399,38216.695876824,38243.2238956854,3439.10740835688,35484.0406380599,30764.1480980291,5717.23964456168,1925.0911821992,1938620.37912238,20.3093563527106
"51","ASIS",51,-30731.1717887299,-3452686.41491333,-90384.7088890573,-281818.181818182,-5367531.84077504,-33390.2942070903,-3839.91159746043,-10057.6515151515,-9837.47318936968,-3841.39647359123,-56340.3743236781,-60254.7413909879,-60866.6557167242,-6912.55197446466,-49934.8992923444,-42789.9995200361,0,0,"Iniciativa1",-12127.478683586,-2081159.75447162,0,-95454.5454545454,-5367531.84077504,-10717.4995898646,0,-10034.4909090909,-583.154662337816,-1515.93483544825,-17222.4202937567,-22778.850119802,-23204.3304257484,-3415.01774259605,-14380.2848831514,-11458.4590776758,5768.91618216967,1909.26393521684,95454.5454545454,18603.6931051438,1371526.6604417,90384.7088890573,186363.636363636,0,22672.7946172257,3839.91159746043,23.1606060606064,9254.31852703187,2325.46163814298,39117.9540299214,37475.8912711859,37662.3252909757,3497.53423186861,35554.614409193,31331.5404423602,5768.91618216967,1909.26393521684,1897312.38557835,19.8766059441542
"52","ASIS",52,-30597.5162831937,-3457688.81009769,-90871.5889761059,-281818.181818182,-5367531.84077504,-33567.9579584877,-3796.17010019726,-10058.5393939394,-9747.55318150983,-3824.68953539921,-57644.8198811721,-60410.5911398592,-61259.5494517153,-6848.20289172138,-49754.5861501759,-42728.2187243678,0,0,"Iniciativa1",-12355.2959275641,-2072494.10146635,0,-95454.5454545454,-5367531.84077504,-10604.020109746,0,-10034.6272727273,-582.326733088762,-1544.41199094551,-17160.5226353321,-22954.2795673292,-22776.2658344756,-3427.78596990691,-14625.2329825782,-12078.6157857115,5736.59163025633,1906.85692439802,95454.5454545454,18242.2203556296,1385194.70863134,90871.5889761059,186363.636363636,0,22963.9378487417,3796.17010019726,23.9121212121208,9165.22644842107,2280.2775444537,40484.2972458401,37456.3115725301,38483.2836172397,3420.41692181447,35129.3531675977,30649.6029386563,5736.59163025633,1906.85692439802,1912168.39240807,20.0322403014179
"53","ASIS",53,-31039.6106720318,-3420960.47435649,-90658.5888169542,-281818.181818182,-5367531.84077504,-33860.94533145,-3815.80095073408,-10058.3363636364,-9647.1088590318,-3879.95133400398,-57172.8850006885,-60782.4343858029,-60568.5002454595,-6906.21606877546,-49170.6972324443,-42265.5919249092,0,0,"Iniciativa1",-12296.4679093491,-2056914.95973746,0,-95454.5454545454,-5367531.84077504,-10678.2183814861,0,-10034.0606060606,-580.458664832943,-1537.05848866864,-17286.318645575,-22857.9241106855,-23077.5016390118,-3448.86727324314,-14273.4916490685,-11734.209356041,5716.30345051418,1929.37887312857,95454.5454545454,18743.1427626827,1364045.51461904,90658.5888169542,186363.636363636,0,23182.7269499639,3815.80095073408,24.2757575757569,9066.65019419885,2342.89284533534,39886.5663551135,37924.5102751174,37490.9986064477,3457.34879553232,34897.2055833758,30531.3825688682,5716.30345051418,1929.37887312857,1890076.92376821,19.800805868048
"54","ASIS",54,-30583.1727110217,-3428194.67254347,-90564.247220145,-281818.181818182,-5367531.84077504,-33589.3615274513,-3815.17103418243,-10057.996969697,-9741.41664942897,-3822.89658887772,-56994.4314088765,-60800.8347531059,-61647.1259697267,-6779.51913726455,-48869.9931327914,-41592.8010669183,0,0,"Iniciativa1",-12342.8748109418,-2059431.58718362,0,-95454.5454545454,-5367531.84077504,-10639.7535902611,0,-10033.9,-585.444105410442,-1542.85935136772,-17073.1653206972,-23015.7852161442,-22723.4784885324,-3439.83219207095,-14361.5542840771,-11632.6686580121,5707.98365345785,1909.17227840872,95454.5454545454,18240.2979000799,1368763.08535985,90564.247220145,186363.636363636,0,22949.6079371902,3815.17103418243,24.0969696969696,9155.97254401853,2280.03723750999,39921.2660881793,37785.0495369617,38923.6474811942,3339.68694519361,34508.4388487143,29960.1324089062,5707.98365345785,1909.17227840872,1894211.52980733,19.8441207884577
"55","ASIS",55,-30658.1358477846,-3427904.24085494,-90510.0391921017,-281818.181818182,-5367531.84077504,-34077.4628586362,-3808.95289742285,-10058.1848484848,-9764.20590726058,-3832.26698097308,-56910.3945856943,-60704.3710524201,-60361.1543609655,-6883.00016909989,-48920.4875203474,-41765.5629729592,0,0,"Iniciativa1",-12151.2681781305,-2086311.49623815,0,-95454.5454545454,-5367531.84077504,-10709.9418186477,0,-10034.4878787879,-579.831697204953,-1518.90852226631,-17061.895360994,-22890.5084827372,-22979.4160126503,-3401.21538403117,-14371.5603968447,-11562.8378191131,5640.58613450858,1912.06930219336,95454.5454545454,18506.8676696541,1341592.74461679,90510.0391921017,186363.636363636,0,23367.5210399885,3808.95289742285,23.69696969697,9184.37421005563,2313.35845870677,39848.4992247003,37813.8625696829,37381.7383483152,3481.78478506871,34548.9271235028,30202.7251538461,5640.58613450858,1912.06930219336,1866501.38405987,19.5538240234844
"56","ASIS",56,-30870.2035660229,-3417001.92018062,-90675.9382141213,-281818.181818182,-5367531.84077504,-33843.1660724033,-3843.95490552669,-10057.7151515152,-9811.92310692533,-3858.77544575286,-57769.2742193468,-61304.5589955082,-61640.298464476,-6847.37254926646,-49601.564391926,-41574.5202063988,0,0,"Iniciativa1",-12139.4852540145,-2066873.25292071,0,-95454.5454545454,-5367531.84077504,-10575.9318084441,0,-10034.1151515152,-590.146124546397,-1517.43565675182,-16976.5781729673,-23024.563503808,-23220.1753149963,-3416.60617429103,-14427.5093581486,-11752.2139030771,5741.42262620734,1906.74919482327,95454.5454545454,18730.7183120083,1350128.66725991,90675.9382141213,186363.636363636,0,23267.2342639592,3843.95490552669,23.5999999999985,9221.77698237893,2341.33978900104,40792.6960463795,38279.9954917001,38420.1231494797,3430.76637497543,35174.0550337774,29822.3063033216,5741.42262620734,1906.74919482327,1878164.9803112,19.6760140794507
"57","ASIS",57,-30472.8644841018,-3384854.16700493,-90677.4403406526,-281818.181818182,-5367531.84077504,-33455.0802761639,-3806.02834830977,-10057.5787878788,-9778.26428493387,-3809.10806051272,-56600.0873580961,-60759.3653257173,-59654.1745740679,-6785.64072225815,-48910.798894648,-41750.833741036,0,0,"Iniciativa1",-12100.2582166162,-2073427.48136211,0,-95454.5454545454,-5367531.84077504,-10864.9649438715,0,-10034.3757575758,-574.080962026342,-1512.53227707703,-17168.0335392441,-22833.9902175509,-22955.4230104931,-3426.07598911666,-14546.1051630301,-11850.3310106136,5712.94581998724,1927.07579304919,95454.5454545454,18372.6062674856,1311426.68564282,90677.4403406526,186363.636363636,0,22590.1153322924,3806.02834830977,23.2030303030315,9204.18332290753,2296.5757834357,39432.053818852,37925.3751081664,36698.7515635748,3359.56473314149,34364.693731618,29900.5027304224,5712.94581998724,1927.07579304919,1834081.43773065,19.2141864905116
"58","ASIS",58,-30515.2691732639,-3440497.29958409,-90664.5624352714,-281818.181818182,-5367531.84077504,-33844.7304010132,-3797.47535562777,-10058.3060606061,-9870.03703106397,-3814.40864665798,-57018.5442875003,-61776.405093684,-61284.3497192456,-6806.91809214107,-50217.1031213124,-42130.9740740917,0,0,"Iniciativa1",-12056.7169873234,-2069047.89749796,0,-95454.5454545454,-5367531.84077504,-10589.1065230943,0,-10034.4151515152,-577.278137201413,-1507.08962341543,-17293.7062799236,-22779.5617154441,-23079.7195418265,-3423.60235915737,-14578.3459575688,-11912.4303534603,5767.09899371458,1929.3616159901,95454.5454545454,18458.5521859404,1371449.40208613,90664.5624352714,186363.636363636,0,23255.6238779189,3797.47535562777,23.8909090909092,9292.75889386256,2307.31902324256,39724.8380075767,38996.8433782399,38204.6301774191,3383.3157329837,35638.7571637436,30218.5437206314,5767.09899371458,1929.3616159901,1899476.60992102,19.8992787706011
"59","ASIS",59,-30531.0058448095,-3428241.74359251,-90515.8628330319,-281818.181818182,-5367531.84077504,-34105.8698703369,-3846.2571584422,-10057.9333333333,-9817.55738866924,-3816.37573060118,-57204.98590512,-61239.0683355698,-61592.1711993782,-6910.6400847487,-49571.6588711025,-42544.1080866199,0,0,"Iniciativa1",-12247.8767725014,-2044995.14050552,0,-95454.5454545454,-5367531.84077504,-10712.2224030299,0,-10034.0666666667,-579.176977533315,-1530.98459656267,-16940.6125863142,-22879.0722488205,-22544.2174790206,-3492.56766361769,-14375.7487932692,-11664.0370964318,5800.89954831374,1901.62693539386,95454.5454545454,18283.1290723081,1383246.60308698,90515.8628330319,186363.636363636,0,23393.647467307,3846.2571584422,23.866666666665,9238.38041113593,2285.39113403851,40264.3733188058,38359.9960867493,39047.9537203576,3418.07242113101,35195.9100778333,30880.0709901881,5800.89954831374,1901.62693539386,1912065.67729232,20.0311642383005
"60","ASIS",60,-30613.543080554,-3450363.8685746,-90499.1195932727,-281818.181818182,-5367531.84077504,-33711.9895847758,-3806.95491860636,-10058.3727272727,-9875.99443917421,-3826.69288506925,-57025.8346701308,-60872.7983842478,-60913.5041040287,-6875.70671774719,-50286.0349579023,-42773.8716852736,0,0,"Iniciativa1",-12274.7337293947,-2045388.03964328,0,-95454.5454545454,-5367531.84077504,-10824.0795921888,0,-10034.0272727273,-580.442847077933,-1534.34171617433,-17026.5188395413,-22954.5900456215,-22936.4403910752,-3412.57838423743,-14626.8318009184,-11991.9459035566,5664.33922680928,1915.68990231405,95454.5454545454,18338.8093511594,1404975.82893132,90499.1195932727,186363.636363636,0,22887.909992587,3806.95491860636,24.3454545454533,9295.55159209628,2292.35116889492,39999.3158305895,37918.2083386262,37977.0637129535,3463.12833350977,35659.2031569839,30781.925781717,5664.33922680928,1915.68990231405,1931863.38164962,20.2385687601389
"61","ASIS",61,-30515.9689305715,-3456419.55535226,-90620.0259306348,-281818.181818182,-5367531.84077504,-33863.259708659,-3754.0124347263,-10058.4545454545,-9796.15393739417,-3814.49611632144,-56735.8233714933,-61150.1920166257,-62081.003923985,-6922.27234121251,-49690.3611053284,-41472.3713904419,0,0,"Iniciativa1",-12332.4494933255,-2068473.93578676,0,-95454.5454545454,-5367531.84077504,-10632.3702925016,0,-10034.1757575758,-570.573451722522,-1541.55618666569,-17240.5600087188,-22977.0375881477,-22931.3619689763,-3456.9294600721,-14530.3447777426,-11699.7956678825,5727.89902095456,1907.44119782481,95454.5454545454,18183.519437246,1387945.61956551,90620.0259306348,186363.636363636,0,23230.8894161575,3754.0124347263,24.2787878787876,9225.58048567165,2272.93992965575,39495.2633627745,38173.154428478,39149.6419550087,3465.3428811404,35160.0163275858,29772.5757225594,5727.89902095456,1907.44119782481,1914471.83724744,20.0563716283065
"62","ASIS",62,-30330.2868715337,-3404705.24474024,-91130.8071290285,-281818.181818182,-5367531.84077504,-33031.3367540505,-3800.61855002612,-10057.8393939394,-9791.03390936316,-3791.28585894172,-57676.5974524382,-61492.8101258898,-61397.4216793807,-6950.63655342453,-48840.5942853116,-41619.7734465884,0,0,"Iniciativa1",-12123.3921550892,-2089407.06319618,0,-95454.5454545454,-5367531.84077504,-10642.4164815201,0,-10034.4909090909,-589.916440257157,-1515.42401938615,-17131.8350097669,-23171.3889763691,-22909.4699213988,-3411.87263549202,-14426.5053238175,-11666.4612736877,5751.68196867143,1928.2393412931,95454.5454545454,18206.8947164445,1315298.18154406,91130.8071290285,186363.636363636,0,22388.9202725303,3800.61855002612,23.3484848484841,9201.117469106,2275.86183955557,40544.7624426713,38321.4211495207,38487.951757982,3538.76391793251,34414.088961494,29953.3121729007,5751.68196867143,1928.2393412931,1841629.6080817,19.2932625608559
"63","ASIS",63,-30736.9878714466,-3452600.70106972,-90616.6422098741,-281818.181818182,-5367531.84077504,-34265.2731708804,-3837.09343607096,-10058.3848484848,-9927.27961926732,-3842.12348393083,-57044.5037413786,-61052.5190102958,-60320.8391309422,-6914.66991566315,-50458.2023636978,-42286.5514098841,0,0,"Iniciativa1",-12275.613961513,-2061173.62292169,0,-95454.5454545454,-5367531.84077504,-10750.279365667,0,-10034.3090909091,-575.326565764468,-1534.45174518912,-16978.8469706422,-23075.3232086277,-22923.8162050167,-3438.08891634756,-14532.7523308547,-11839.8476753794,5740.04366809432,1915.96721510823,95454.5454545454,18461.3739099337,1391427.07814803,90616.6422098741,186363.636363636,0,23514.9938052134,3837.09343607096,24.0757575757561,9351.95305350285,2307.67173874171,40065.6567707364,37977.195801668,37397.0229259255,3476.58099931559,35925.4500328431,30446.7037345047,5740.04366809432,1915.96721510823,1918849.13957077,20.1022290812176
"64","ASIS",64,-30794.619554327,-3402028.95345798,-90576.9489280808,-281818.181818182,-5367531.84077504,-33476.2685822213,-3838.00510701713,-10057.996969697,-9855.97844224692,-3849.32744429088,-57633.1385982925,-60844.4598780922,-61186.1406364491,-6886.39865006245,-49848.6288283234,-42274.8950329815,0,0,"Iniciativa1",-12310.8698660964,-2047311.39516945,0,-95454.5454545454,-5367531.84077504,-10647.8123649226,0,-10034.2212121212,-582.499661681202,-1538.85873326205,-17264.9501057394,-22954.0995416803,-22794.8827519183,-3434.56030111585,-14430.5229964312,-11796.5693477936,5736.14737514071,1905.07860291237,95454.5454545454,18483.7496882306,1354717.55828853,90576.9489280808,186363.636363636,0,22828.4562172987,3838.00510701713,23.7757575757569,9273.47878056572,2310.46871102883,40368.1884925531,37890.360336412,38391.2578845308,3451.8383489466,35418.1058318921,30478.3256851879,5736.14737514071,1905.07860291237,1882055.38039954,19.7167706518047
"65","ASIS",65,-30239.9339541673,-3471142.39958692,-90470.3749102906,-281818.181818182,-5367531.84077504,-34099.6978834223,-3839.47921227397,-10059.2696969697,-9642.2567367388,-3779.99174427091,-57209.9398459692,-61135.327688714,-61221.3167902817,-6778.81072473794,-49241.0968993674,-41752.2791266558,0,0,"Iniciativa1",-12271.5964563163,-2050081.18951831,0,-95454.5454545454,-5367531.84077504,-10600.9864754001,0,-10033.7575757576,-582.876277518655,-1533.94955703953,-17121.2989973104,-22655.6111346062,-23051.3100011168,-3447.05091602575,-14722.3108954699,-11857.4409128929,5809.1806753551,1910.74189866616,95454.5454545454,17968.337497851,1421061.21006861,90470.3749102906,186363.636363636,0,23498.7114080222,3839.47921227397,25.5121212121212,9059.38045922014,2246.04218723137,40088.6408486588,38479.7165541078,38170.006789165,3331.75980871219,34518.7860038976,29894.8382137629,5809.1806753551,1910.74189866616,1946736.35502068,20.3943808621214
"66","ASIS",66,-30379.1806116379,-3418201.64762477,-91424.8004749128,-281818.181818182,-5367531.84077504,-33985.4727216022,-3816.71078623898,-10058.2606060606,-9765.87968181438,-3797.39757645474,-57242.9306350261,-60659.0794848035,-61118.3949228519,-6857.91550353125,-49379.1243207565,-41760.2461816059,0,0,"Iniciativa1",-12278.1676467766,-2070583.16426762,0,-95454.5454545454,-5367531.84077504,-10856.4845576417,0,-10034.5272727273,-579.929616860402,-1534.77095584707,-17486.984879104,-22774.1553008978,-22971.2574560921,-3447.35124911404,-14384.4721618173,-11897.8120659661,5793.35888385622,1911.26461874371,95454.5454545454,18101.0129648613,1347618.48335715,91424.8004749128,186363.636363636,0,23128.9881639605,3816.71078623898,23.7333333333336,9185.95006495398,2262.62662060766,39755.9457559221,37884.9241839058,38147.1374667598,3410.56425441721,34994.6521589391,29862.4341156398,5793.35888385622,1911.26461874371,1873686.22356784,19.6290937707107
"67","ASIS",67,-30538.5440545711,-3460053.32748878,-90582.7103423885,-281818.181818182,-5367531.84077504,-34187.2720270224,-3838.95020296088,-10058.2424242424,-9907.12284921808,-3817.31800682138,-57304.4801540991,-60916.5814786534,-61282.0640917078,-6820.40428542024,-49346.1882254005,-41551.8139091334,0,0,"Iniciativa1",-12202.3487071009,-2055219.32064379,0,-95454.5454545454,-5367531.84077504,-10625.6350476343,0,-10034.1696969697,-578.514908447331,-1525.29358838761,-17079.80753669,-22874.9810876072,-22925.7192594153,-3436.67310325391,-14710.9091129275,-11832.9391756312,5702.78090291258,1905.05239412576,95454.5454545454,18336.1953474702,1404834.00684499,90582.7103423885,186363.636363636,0,23561.6369793881,3838.95020296088,24.0727272727272,9328.60794077075,2292.02441843377,40224.6726174092,38041.6003910463,38356.3448322925,3383.73118216633,34635.279112473,29718.8747335022,5702.78090291258,1905.05239412576,1931130.17733324,20.2308875720625
"68","ASIS",68,-30245.9802721496,-3448214.86456357,-90485.1445303083,-281818.181818182,-5367531.84077504,-33671.653120325,-3798.28477763933,-10058.4363636364,-9868.11399433009,-3780.7475340187,-57718.849489466,-60614.4916096723,-60439.2370541529,-6914.05100334773,-49141.1013756746,-42203.0648338062,0,0,"Iniciativa1",-12197.9684701559,-2075868.45555127,0,-95454.5454545454,-5367531.84077504,-10702.1174144719,0,-10034.3212121212,-584.658769143405,-1524.74605876948,-17253.8511797378,-23059.4347955572,-23252.6735730397,-3409.77629068101,-14425.1272789118,-11740.0937258508,5746.22516079359,1914.98950705881,95454.5454545454,18048.0118019937,1372346.4090123,90485.1445303083,186363.636363636,0,22969.5357058531,3798.28477763933,24.1151515151505,9283.45522518668,2256.00147524921,40464.9983097282,37555.0568141151,37186.5634811132,3504.27471266672,34715.9740967628,30462.9711079554,5746.22516079359,1914.98950705881,1897125.64723388,19.8746496376882
"69","ASIS",69,-30582.0782467483,-3477484.82401859,-90243.5178911567,-281818.181818182,-5367531.84077504,-33258.2990859682,-3845.02540038559,-10058.6181818182,-9714.35782474571,-3822.75978084354,-56480.3436414898,-61481.6151319337,-61750.1434282816,-6914.75087067709,-49163.3641872714,-42218.8416285599,0,0,"Iniciativa1",-12162.0822915968,-2060783.49620137,0,-95454.5454545454,-5367531.84077504,-10569.441326739,0,-10034.1818181818,-575.743095451759,-1520.2602864496,-17293.8900643765,-23200.4175427735,-22988.6864439125,-3428.34219952142,-14554.6885209355,-11786.4778291351,5649.23760146587,1908.09056216514,95454.5454545454,18419.9959551515,1416701.32781723,90243.5178911567,186363.636363636,0,22688.8577592292,3845.02540038559,24.4363636363632,9138.61472929395,2302.49949439393,39186.4535771133,38281.1975891602,38761.4569843691,3486.40867115567,34608.675666336,30432.3637994248,5649.23760146587,1908.09056216514,1942041.7962253,20.3451997699793
"70","ASIS",70,-30890.4846778812,-3446855.12213417,-90745.9143143416,-281818.181818182,-5367531.84077504,-33841.1099943756,-3858.54647630598,-10058.5757575758,-9736.95350760489,-3861.31058473515,-57761.3377752505,-60366.2884977985,-61412.5857763466,-6818.8072279008,-48816.9034916227,-41598.6235050996,0,0,"Iniciativa1",-12263.4184986061,-2065607.5418778,0,-95454.5454545454,-5367531.84077504,-10746.5132821896,0,-10034.1424242424,-578.415315226893,-1532.92731232577,-17044.9082424812,-23115.2408948523,-22897.397798565,-3403.32135448226,-14352.8222179957,-11805.6001894427,5761.90812215911,1925.87307529955,95454.5454545454,18627.0661792751,1381247.58025637,90745.9143143416,186363.636363636,0,23094.596712186,3858.54647630598,24.4333333333343,9158.53819237799,2328.38327240938,40716.4295327693,37251.0476029462,38515.1879777816,3415.48587341854,34464.0812736271,29793.0233156569,5761.90812215911,1925.87307529955,1907291.7318739,19.9811514767741
"71","ASIS",71,-30424.7819601788,-3451406.81694183,-91185.6942744492,-281818.181818182,-5367531.84077504,-33987.9940846326,-3849.5814730185,-10057.8393939394,-9608.00466747229,-3803.09774502235,-56888.0843051782,-61153.4784917513,-61541.5638388983,-6865.37632078565,-49798.8490635873,-41641.7627344659,0,0,"Iniciativa1",-12204.5002894492,-2061672.50261299,0,-95454.5454545454,-5367531.84077504,-10593.5202423528,0,-10034.0939393939,-575.6848625151,-1525.56253618115,-17213.5566537245,-22704.6816327734,-22896.8502508923,-3382.49869882562,-14465.2878089809,-11628.0802586252,5706.10270071493,1907.87422051493,95454.5454545454,18220.2816707296,1389734.31432884,91185.6942744492,186363.636363636,0,23394.4738422799,3849.5814730185,23.7454545454548,9032.31980495719,2277.5352088412,39674.5276514536,38448.7968589778,38644.713588006,3482.87762196003,35333.5612546065,30013.6824758407,5706.10270071493,1907.87422051493,1917293.71879337,20.0859341968829
"72","ASIS",72,-30933.6342587635,-3448189.1116145,-90572.5989244521,-281818.181818182,-5367531.84077504,-33993.0940485434,-3749.53555457699,-10058.1575757576,-9590.01264026097,-3866.70428234544,-57471.0884322972,-61706.671635712,-60523.1460325482,-6854.20847603575,-49914.8384878411,-41964.305485228,0,0,"Iniciativa1",-12088.3028349591,-2073971.13770577,0,-95454.5454545454,-5367531.84077504,-10662.5643410787,0,-10034.3454545455,-588.720613916577,-1511.03785436988,-16876.9786421774,-23002.9490254432,-23005.4383107658,-3414.69077478884,-14685.4248166663,-11758.9588927556,5691.31271143788,1890.22530722678,95454.5454545454,18845.3314238045,1374217.97390873,90572.5989244521,186363.636363636,0,23330.5297074647,3749.53555457699,23.8121212121205,9001.29202634439,2355.66642797556,40594.1097901198,38703.7226102688,37517.7077217823,3439.51770124691,35229.4136711748,30205.3465924725,5691.31271143788,1890.22530722678,1901731.73256393,19.9229038649555
"73","ASIS",73,-30616.1449634857,-3441174.9481093,-90399.0584793039,-281818.181818182,-5367531.84077504,-33837.8197440894,-3823.36792653189,-10058.1939393939,-9767.99195701431,-3827.01812043572,-57347.686805596,-60545.822482652,-60935.1199826675,-6972.57315249871,-49496.5241354277,-41916.1519801854,0,0,"Iniciativa1",-12249.7911623967,-2065552.92065676,0,-95454.5454545454,-5367531.84077504,-10593.3122181193,0,-10034.7212121212,-587.261786947468,-1531.22389529959,-17348.5549901214,-23079.2309234024,-22895.1222388495,-3433.09314993318,-14547.0692316871,-11618.9011862415,5742.66507161453,1907.40406430421,95454.5454545454,18366.353801089,1375622.02745254,90399.0584793039,186363.636363636,0,23244.5075259701,3823.36792653189,23.4727272727268,9180.73017006684,2295.79422513613,39999.1318154746,37466.5915592495,38039.997743818,3539.48000256553,34949.4549037406,30297.2507939439,5742.66507161453,1907.40406430421,1901260.92462626,19.9179715913227
"74","ASIS",74,-30411.7554249862,-3481944.6707639,-90377.331671305,-281818.181818182,-5367531.84077504,-33908.7489714905,-3800.50413058297,-10058.9575757576,-9792.95943112423,-3801.46942812327,-57218.6911710742,-60872.618546759,-60714.2954270775,-6860.25952674988,-49294.7949325571,-40964.0881994653,0,0,"Iniciativa1",-12327.9871605401,-2072575.12051919,0,-95454.5454545454,-5367531.84077504,-10776.8719595696,0,-10034.2363636364,-574.063057941086,-1540.99839506752,-17162.6940483324,-23061.1757425152,-23282.5106587131,-3462.42943078778,-14341.9054264237,-11643.5919901833,5716.1222314239,1908.03755685223,95454.5454545454,18083.768264446,1409369.55024471,90377.331671305,186363.636363636,0,23131.8770119209,3800.50413058297,24.7212121212106,9218.89637318315,2260.47103305576,40055.9971227418,37811.4428042438,37431.7847683644,3397.8300959621,34952.8895061334,29320.496209282,5716.1222314239,1908.03755685223,1933225.35659997,20.2528370691425
"75","ASIS",75,-30635.9947837046,-3473990.34151979,-90650.3140336245,-281818.181818182,-5367531.84077504,-34019.6295486052,-3778.46223675094,-10058.8333333333,-9759.24508269371,-3829.49934796307,-56974.3211010563,-61250.93644517,-61142.0198676428,-6859.62007004403,-50123.6348499639,-42230.1292344014,0,0,"Iniciativa1",-12289.7388985177,-2094389.2954481,0,-95454.5454545454,-5367531.84077504,-10771.1149973167,0,-10034.3121212121,-585.262354541292,-1536.21736231471,-16988.1397897536,-22845.6807218339,-22888.3949039196,-3426.23354730439,-14357.9763186439,-11949.0710460508,5790.28683314058,1906.73026403886,95454.5454545454,18346.2558851869,1379601.0460717,90650.3140336245,186363.636363636,0,23248.5145512885,3778.46223675094,24.5212121212135,9173.98272815241,2293.28198564836,39986.1813113027,38405.2557233361,38253.6249637232,3433.38652273964,35765.65853132,30281.0581883506,5790.28683314058,1906.73026403886,1907302.19740606,19.9812611156825
"76","ASIS",76,-30210.9511994315,-3423273.23679938,-91005.3736220255,-281818.181818182,-5367531.84077504,-33824.1726785525,-3781.37324169017,-10058.4545454545,-9908.17129485555,-3776.36889992893,-57508.020390022,-61365.9040314195,-61233.9139115005,-6796.07085086623,-49297.4673564485,-42981.099638238,0,0,"Iniciativa1",-12184.3472018175,-2090979.26711642,0,-95454.5454545454,-5367531.84077504,-10766.5041955508,0,-10034.4393939394,-580.88683974917,-1523.04340022718,-17212.3434479895,-22834.511997106,-22912.2805026943,-3446.00365547334,-14460.9475438381,-11753.2908295042,5771.90567338167,1921.36857738821,95454.5454545454,18026.603997614,1332293.96968296,91005.3736220255,186363.636363636,0,23057.6684830017,3781.37324169017,24.015151515152,9327.28445510638,2253.32549970175,40295.6769420325,38531.3920343136,38321.6334088062,3350.0671953929,34836.5198126104,31227.8088087338,5771.90567338167,1921.36857738821,1860389.62294991,19.4897960499514
"77","ASIS",77,-30326.7564670057,-3396929.37639808,-90340.8673944657,-281818.181818182,-5367531.84077504,-33646.7311958474,-3854.35224770461,-10057.7121212121,-9755.8264760681,-3790.84455837571,-57333.9102759432,-61593.4913894949,-60996.8634428471,-6860.15993364917,-49700.1419966919,-42244.9980934784,0,0,"Iniciativa1",-12181.3581764455,-2084889.92303338,0,-95454.5454545454,-5367531.84077504,-10731.311396479,0,-10034.5545454545,-578.743328399112,-1522.66977205569,-17003.924430509,-23053.8066933318,-22761.7065721002,-3434.02477159621,-14476.6957045367,-11782.199151568,5733.99249078771,1899.07203872747,95454.5454545454,18145.3982905602,1312039.45336469,90340.8673944657,186363.636363636,0,22915.4197993684,3854.35224770461,23.1575757575756,9177.08314766899,2268.17478632002,40329.9858454342,38539.6846961631,38235.1568707469,3426.13516205295,35223.4462921552,30462.7989419104,5733.99249078771,1899.07203872747,1838977.81530815,19.2654818746568
"78","ASIS",78,-30876.7228011672,-3425381.30366185,-90625.1121176521,-281818.181818182,-5367531.84077504,-33801.4352193623,-3807.02735514174,-10058.7,-9891.88945245808,-3859.59035014591,-57615.7233389796,-61590.5176687571,-61410.1583670784,-6945.57859053556,-49567.4273478178,-42647.8691587828,0,0,"Iniciativa1",-12222.1973082928,-2059524.36375714,0,-95454.5454545454,-5367531.84077504,-10681.3791295418,0,-10034.1727272727,-574.465673633014,-1527.7746635366,-17113.5007118399,-22701.0500266892,-22951.5406769993,-3424.11616816322,-14349.6843528738,-11634.3613343133,5677.3757694957,1919.47569260262,95454.5454545454,18654.5254928744,1365856.93990471,90625.1121176521,186363.636363636,0,23120.0560898205,3807.02735514174,24.5272727272732,9317.42377882506,2331.81568660931,40502.2226271397,38889.4676420679,38458.6176900791,3521.46242237234,35217.742994944,31013.5078244695,5677.3757694957,1919.47569260262,1895300.93672517,19.8555336228351
"79","ASIS",79,-30360.0414164111,-3409945.66832248,-90883.4291239527,-281818.181818182,-5367531.84077504,-34174.1074275903,-3772.37762787882,-10058.0636363636,-9794.22433763751,-3795.00517705138,-57059.1077146628,-60982.1340140577,-60955.6518010366,-7008.92746799377,-49370.9765536192,-41754.5522537715,0,0,"Iniciativa1",-12212.4645319729,-2058607.56364001,0,-95454.5454545454,-5367531.84077504,-10610.98498237,0,-10034.0909090909,-584.218220590188,-1526.55806649662,-17127.3569418153,-23041.7801993868,-22919.3611987432,-3466.57181077672,-14515.422919971,-11533.0075162609,5764.80974105344,1923.3451176827,95454.5454545454,18147.5768844381,1351338.10468246,90883.4291239527,186363.636363636,0,23563.1224452202,3772.37762787882,23.9727272727268,9210.00611704732,2268.44711055476,39931.7507728475,37940.3538146709,38036.2906022934,3542.35565721705,34855.5536336482,30221.5447375106,5764.80974105344,1923.3451176827,1877786.67715939,19.6720509035746
"80","ASIS",80,-30335.1666240952,-3505276.55170008,-90208.6965740168,-281818.181818182,-5367531.84077504,-34635.765293206,-3820.17828342284,-10058.8333333333,-9836.45506243363,-3791.8958280119,-57304.0043704632,-61233.4107561193,-61369.5741588074,-6893.01998456075,-49472.5893000685,-41830.7005219108,0,0,"Iniciativa1",-12380.4447952855,-2055747.01095577,0,-95454.5454545454,-5367531.84077504,-10752.3221824929,0,-10033.9818181818,-590.748432353356,-1547.55559941068,-17103.6328730392,-23217.1051860835,-23004.5608933089,-3412.73800878468,-14411.8702654182,-11581.5812656465,5756.01501092697,1909.30555029235,95454.5454545454,17954.7218288097,1449529.5407443,90208.6965740168,186363.636363636,0,23883.4431107131,3820.17828342284,24.8515151515167,9245.70663008028,2244.34022860121,40200.371497424,38016.3055700359,38365.0132654986,3480.28197577607,35060.7190346503,30249.1192562643,5756.01501092697,1909.30555029235,1976312.2464396,20.7042235341292
"81","ASIS",81,-30332.3768809898,-3440772.44597746,-91018.0516867002,-281818.181818182,-5367531.84077504,-33927.0870238759,-3834.19509911984,-10058.496969697,-9684.85953406586,-3791.54711012372,-57575.0475154772,-61209.9616473654,-61087.093259558,-6862.04407404786,-49809.7848194169,-41036.4034460877,0,0,"Iniciativa1",-12327.5557318353,-2070295.35959409,0,-95454.5454545454,-5367531.84077504,-10567.0521938756,0,-10034.1393939394,-575.312967308106,-1540.94446647942,-17125.7356913137,-23026.7684674238,-22856.3954209409,-3443.45896222898,-14506.4855569439,-11762.4958828401,5788.30846250218,1893.37136325337,95454.5454545454,18004.8211491544,1370477.08638337,91018.0516867002,186363.636363636,0,23360.0348300003,3834.19509911984,24.3575757575745,9109.54656675776,2250.6026436443,40449.3118241635,38183.1931799416,38230.697838617,3418.58511181888,35303.299262473,29273.9075632476,5788.30846250218,1893.37136325337,1896983.00690416,19.8731553104245
"82","ASIS",82,-30519.6501922845,-3464930.11316926,-90442.3552265479,-281818.181818182,-5367531.84077504,-33940.7585890796,-3820.78809597242,-10058.5363636364,-9881.72292412734,-3814.95627403556,-57060.731442407,-61189.3267734975,-60630.2732929682,-6867.31493114563,-48857.4440023005,-41409.7710908055,0,0,"Iniciativa1",-12105.7329761306,-2049217.13556374,0,-95454.5454545454,-5367531.84077504,-10653.2279244349,0,-10034.2575757576,-584.268594683773,-1513.21662201632,-17148.8480728874,-22823.1999970427,-23084.9941916717,-3482.82895671917,-14780.0809382454,-11669.2572993066,5705.30123289588,1908.95940423562,95454.5454545454,18413.9172161539,1415712.97760551,90442.3552265479,186363.636363636,0,23287.5306646447,3820.78809597242,24.2787878787876,9297.45432944357,2301.73965201924,39911.8833695196,38366.1267764548,37545.2791012965,3384.48597442646,34077.3630640551,29740.5137914989,5705.30123289588,1908.95940423562,1940304.59065619,20.3270004735411
"83","ASIS",83,-30562.1902853955,-3440233.16663724,-91157.8575618575,-281818.181818182,-5367531.84077504,-33773.9937338097,-3808.58975310477,-10058.7484848485,-9819.64356495475,-3820.27378567444,-56826.5448896758,-61302.5552268989,-61000.3646543774,-6904.40448358162,-49607.2806183515,-41623.777337748,0,0,"Iniciativa1",-12198.5941320353,-2079707.33541213,0,-95454.5454545454,-5367531.84077504,-10756.2464498953,0,-10034.5878787879,-586.79697935069,-1524.82426650441,-17077.8713818908,-22963.6784847404,-22771.6773702516,-3390.28706776085,-14473.1683713866,-11736.0710897889,5761.30492090396,1916.67290178643,95454.5454545454,18363.5961533602,1360525.83122511,91157.8575618575,186363.636363636,0,23017.7472839145,3808.58975310477,24.1606060606064,9232.84658560406,2295.44951917003,39748.673507785,38338.8767421585,38228.6872841258,3514.11741582077,35134.1122469648,29887.7062479591,5761.30492090396,1916.67290178643,1887319.86631932,19.7719224090596
"84","ASIS",84,-30788.1880367446,-3458359.00995834,-90435.5736469436,-281818.181818182,-5367531.84077504,-33884.3075550968,-3820.26572522315,-10058.8090909091,-9770.69785516634,-3848.52350459307,-56725.5537881432,-61578.9168300423,-60378.3348205535,-6887.12714082079,-49374.5896968602,-42288.0985509254,0,0,"Iniciativa1",-12092.9872250993,-2043621.41165112,0,-95454.5454545454,-5367531.84077504,-10524.2197083811,0,-10033.6787878788,-584.952214179459,-1511.62340313742,-17063.0073172526,-22458.566813621,-22625.3532395775,-3457.05672496773,-14294.1136177313,-11609.9914134888,5724.49710156319,1888.17276957655,95454.5454545454,18695.2008116452,1414737.59830722,90435.5736469436,186363.636363636,0,23360.0878467158,3820.26572522315,25.1303030303043,9185.74564098688,2336.90010145565,39662.5464708906,39120.3500164213,37752.981580976,3430.07041585306,35080.4760791289,30678.1071374367,5724.49710156319,1888.17276957655,1942297.34031871,20.3478768985769
"85","ASIS",85,-30226.6487713733,-3411669.23532279,-90679.4159937759,-281818.181818182,-5367531.84077504,-33588.2678645434,-3822.84018772802,-10057.8787878788,-9833.2544569797,-3778.33109642166,-57911.9194268379,-60691.9403966916,-61429.192667249,-6894.79383250312,-49916.7497257448,-42311.3162882338,0,0,"Iniciativa1",-12392.4989630064,-2080761.33342762,0,-95454.5454545454,-5367531.84077504,-10621.7769001306,0,-10034.4575757576,-568.14548781484,-1549.0623703758,-17256.9179756329,-22877.3923446565,-23119.9374774877,-3452.81868623221,-14532.6459114778,-11689.7031170813,5779.53443264754,1917.77354248727,95454.5454545454,17834.1498083669,1330907.90189516,90679.4159937759,186363.636363636,0,22966.4909644128,3822.84018772802,23.4212121212131,9265.10896916486,2229.26872604586,40655.001451205,37814.5480520351,38309.2551897614,3441.97514627091,35384.103814267,30621.6131711525,5779.53443264754,1917.77354248727,1858016.03892024,19.4649299315454
"86","ASIS",86,-30752.374838172,-3446857.58760529,-90768.1579631292,-281818.181818182,-5367531.84077504,-33903.535893239,-3789.5461243047,-10058.6727272727,-9801.13376708723,-3844.04685477149,-57939.1024862595,-61123.5367426997,-60311.5138068276,-6843.27715119584,-49500.8372723775,-41051.061173036,0,0,"Iniciativa1",-12132.9726723313,-2052916.68038469,0,-95454.5454545454,-5367531.84077504,-10608.7504007291,0,-10033.7727272727,-584.803052082139,-1516.62158404141,-17159.9026621473,-22873.5334200044,-22711.0850477609,-3418.83586400783,-14395.3197018119,-11623.9565350674,5828.80040064301,1918.19592686187,95454.5454545454,18619.4021658407,1393940.9072206,90768.1579631292,186363.636363636,0,23294.7854925099,3789.5461243047,24.8999999999996,9216.33071500509,2327.42527073009,40779.1998241122,38250.0033226953,37600.4287590667,3424.44128718801,35105.5175705656,29427.1046379686,5828.80040064301,1918.19592686187,1920678.78304486,20.1213967747557
"87","ASIS",87,-30632.47268349,-3453752.52158616,-90489.4269330749,-281818.181818182,-5367531.84077504,-33883.2022176384,-3788.39974052993,-10058.4909090909,-9669.79732131659,-3829.05908543625,-57019.3323326725,-60447.0862159611,-61035.8501183641,-6844.4775913038,-49842.8260431279,-42372.1776426189,0,0,"Iniciativa1",-12195.0777198446,-2045578.04863702,0,-95454.5454545454,-5367531.84077504,-10623.0496075482,0,-10034.003030303,-582.514766600777,-1524.38471498057,-17342.4523595356,-23072.7157935665,-22790.1449856505,-3419.88050544303,-14478.2845443203,-11933.0395657664,5737.3726642219,1901.80962244031,95454.5454545454,18437.3949636454,1408174.47294914,90489.4269330749,186363.636363636,0,23260.1526100901,3788.39974052993,24.4878787878788,9087.28255471582,2304.67437045568,39676.8799731368,37374.3704223946,38245.7051327136,3424.59708586077,35364.5414988076,30439.1380768525,5737.3726642219,1901.80962244031,1934094.3428405,20.2619407345196
"88","ASIS",88,-30728.9100983226,-3452421.01581004,-90456.0389370326,-281818.181818182,-5367531.84077504,-33654.5160167092,-3816.97456015277,-10058.4727272727,-9822.03832396985,-3841.11376229032,-57454.9969361367,-60693.0268296665,-61468.4321969708,-6860.17823920031,-50385.8044942426,-42952.6178476325,0,0,"Iniciativa1",-12122.3749379385,-2071694.52270877,0,-95454.5454545454,-5367531.84077504,-10645.2960118476,0,-10034.3545454545,-579.568627754417,-1515.29686724231,-17311.4924972928,-22902.5520412798,-23058.6886047469,-3459.9290585845,-14513.7145297254,-11818.3364361911,5715.42997848684,1926.55347728296,95454.5454545454,18606.5351603841,1380726.49310127,90456.0389370326,186363.636363636,0,23009.2200048616,3816.97456015277,24.1181818181813,9242.46969621543,2325.81689504801,40143.504438844,37790.4747883867,38409.7435922239,3400.24918061581,35872.0899645172,31134.2814114413,5715.42997848684,1926.55347728296,1908963.62973221,19.9986665971946
"89","ASIS",89,-30105.6353612365,-3434737.60022941,-90593.1694639706,-281818.181818182,-5367531.84077504,-34074.5921543932,-3833.99178419121,-10057.9848484848,-9804.40811490063,-3763.20442015457,-57557.2001839341,-61293.5331798581,-61610.4553368002,-6848.70334253496,-49684.553511376,-42120.5846439591,0,0,"Iniciativa1",-12197.7409306455,-2067528.01599746,0,-95454.5454545454,-5367531.84077504,-10726.7562819895,0,-10034.3696969697,-570.604377149087,-1524.71761633069,-17335.256228097,-22989.8080178894,-22749.9640375034,-3457.16344676692,-14607.5249133707,-11687.5664366192,5713.36478641161,1903.03365866686,95454.5454545454,17907.894430591,1367209.58423196,90593.1694639706,186363.636363636,0,23347.8358724038,3833.99178419121,23.6151515151505,9233.80373775155,2238.48680382387,40221.9439558371,38303.7251619687,38860.4912992968,3391.53989576804,35077.0285980053,30433.0182073399,5713.36478641161,1903.03365866686,1894656.16340313,19.8487788546995
"90","ASIS",90,-30806.4108032545,-3458185.222244,-90868.8799087394,-281818.181818182,-5367531.84077504,-34376.9132256921,-3780.08897699265,-10058.8515151515,-9813.1870935311,-3850.80135040682,-57114.3810347883,-61031.0958687887,-60619.5619733839,-6818.8432747522,-49293.9174253375,-42429.188923878,0,0,"Iniciativa1",-12150.6504267413,-2067809.25050874,0,-95454.5454545454,-5367531.84077504,-10766.2025442108,0,-10034.303030303,-582.269610918661,-1518.83130334266,-17189.7021748296,-22791.8373646829,-22873.0454332035,-3398.30355417918,-14577.2420971211,-11834.3334537918,5753.51159708151,1898.55721260731,95454.5454545454,18655.7603765133,1390375.97173526,90868.8799087394,186363.636363636,0,23610.7106814813,3780.08897699265,24.5484848484848,9230.91748261243,2331.97004706416,39924.6788599587,38239.2585041058,37746.5165401805,3420.53972057302,34716.6753282163,30594.8554700862,5753.51159708151,1898.55721260731,1917537.07728996,20.0884836668472
"91","ASIS",91,-30665.3501487318,-3408438.52986144,-90950.5049385201,-281818.181818182,-5367531.84077504,-33380.877358051,-3840.8772263173,-10057.5090909091,-9655.47091523611,-3833.16876859147,-58216.6340139501,-61235.9823138713,-61420.1743387197,-6819.77640815495,-49974.3070215441,-42504.8544099445,0,0,"Iniciativa1",-12287.7668391513,-2071649.79347368,0,-95454.5454545454,-5367531.84077504,-10743.5548812178,0,-10034.1727272727,-580.452021397469,-1535.97085489391,-17219.5242666901,-22728.3197800847,-22989.8206615282,-3438.32425944705,-14331.1616726041,-11792.1613676301,5727.11598924154,1904.63637492123,95454.5454545454,18377.5833095805,1336788.73638776,90950.5049385201,186363.636363636,0,22637.3224768333,3840.8772263173,23.3363636363629,9075.01889383864,2297.19791369757,40997.10974726,38507.6625337866,38430.3536771915,3381.4521487079,35643.1453489401,30712.6930423144,5727.11598924154,1904.63637492123,1865658.38273618,19.5449925810457
"92","ASIS",92,-30249.7891964904,-3435626.81192259,-90817.3551762003,-281818.181818182,-5367531.84077504,-33485.0884999649,-3805.64953506672,-10058.0606060606,-9613.45817651235,-3781.2236495613,-57375.2180753857,-61249.867678569,-60533.8535185912,-6915.78104317071,-49394.233387299,-41411.1349834861,0,0,"Iniciativa1",-12300.4009451348,-2040381.90468502,0,-95454.5454545454,-5367531.84077504,-10507.2087530332,0,-10034.3151515152,-580.479198512862,-1537.55011814185,-17296.0761896544,-22812.9155974097,-22830.8966133118,-3447.18269368954,-14713.1156425785,-11778.9763103472,5731.43401035981,1929.6584221896,95454.5454545454,17949.3882513556,1395244.90723757,90817.3551762003,186363.636363636,0,22977.8797469316,3805.64953506672,23.7454545454548,9032.97897799949,2243.67353141945,40079.1418857313,38436.9520811593,37702.9569052793,3468.59834948118,34681.1177447205,29632.1586731389,5731.43401035981,1929.6584221896,1920121.23234678,20.1155557674425
"93","ASIS",93,-30614.3029752111,-3423790.14328389,-91267.5196520699,-281818.181818182,-5367531.84077504,-33882.4492401529,-3837.75818517154,-10058.3878787879,-9805.08962709216,-3826.78787190138,-57060.5372137266,-61877.5064386282,-61587.460932528,-6877.9403926527,-49721.7148961616,-41974.3337858105,0,0,"Iniciativa1",-12142.2008419396,-2066705.59011582,0,-95454.5454545454,-5367531.84077504,-10679.4301907606,0,-10034.0666666667,-588.18786548778,-1517.77510524245,-17141.8906646531,-22934.9791616612,-23051.7448351537,-3436.67767629143,-14590.5349656362,-11994.6282928769,5687.16395774055,1904.20431030021,95454.5454545454,18472.1021332715,1357084.55316807,91267.5196520699,186363.636363636,0,23203.0190493923,3837.75818517154,24.3212121212109,9216.90176160438,2309.01276665893,39918.6465490735,38942.527276967,38535.7160973743,3441.26271636127,35131.1799305254,29979.7054929335,5687.16395774055,1904.20431030021,1885319.23062327,19.7509633684343
"94","ASIS",94,-30522.2062303522,-3458115.96136322,-90638.2782496034,-281818.181818182,-5367531.84077504,-33711.6740836442,-3815.12614361098,-10058.6696969697,-9782.1753545787,-3815.27577879403,-57202.0139819206,-61052.3902567046,-61034.4260392621,-6889.87326184081,-49202.0545717418,-41751.0289469691,0,0,"Iniciativa1",-12272.3767502522,-2058892.40904752,0,-95454.5454545454,-5367531.84077504,-10672.0640157453,0,-10034.4696969697,-579.007788796008,-1534.04709378153,-17328.3439747738,-22989.7939862999,-23153.0061865291,-3427.09469010165,-14602.7594027517,-11892.6563192657,5738.52765529565,1891.89017736938,95454.5454545454,18249.8294801,1399223.5523157,90638.2782496034,186363.636363636,0,23039.6100678989,3815.12614361098,24.2000000000007,9203.16756578269,2281.2286850125,39873.6700071469,38062.5962704046,37881.419852733,3462.77857173917,34599.2951689901,29858.3726277034,5738.52765529565,1891.89017736938,1924207.17920272,20.1583609249809
"95","ASIS",95,-30497.2094539459,-3455642.49730847,-91338.2393191571,-281818.181818182,-5367531.84077504,-33655.7411367161,-3809.71610901045,-10058.3303030303,-9849.60218070717,-3812.15118174324,-57298.7567357337,-61234.9038004496,-60485.5186633078,-6830.72743827361,-48521.9848627082,-40172.7675515098,0,0,"Iniciativa1",-12243.7684609928,-2027351.16465695,0,-95454.5454545454,-5367531.84077504,-10612.8614311478,0,-10034.2060606061,-580.244970514539,-1530.4710576241,-17068.0560607964,-22905.5877262141,-22908.0575362991,-3451.97512296239,-14467.4123144677,-11822.0529138091,5793.14041828471,1903.35339455802,95454.5454545454,18253.4409929531,1428291.33265152,91338.2393191571,186363.636363636,0,23042.8797055683,3809.71610901045,24.1242424242428,9269.35721019263,2281.68012411913,40230.7006749373,38329.3160742355,37577.4611270088,3378.75231531122,34054.5725482406,28350.7146377007,5793.14041828471,1903.35339455802,1952292.41790886,20.4525872352357
"96","ASIS",96,-30790.5217303767,-3409071.78859426,-91081.1609466696,-281818.181818182,-5367531.84077504,-33434.4440854659,-3837.79076125208,-10057.9787878788,-9849.94247309831,-3848.81521629709,-57724.9993941066,-61113.6449831174,-61210.1254208813,-6849.74730178306,-50273.2311381196,-42354.4841810651,0,0,"Iniciativa1",-12232.6457730801,-2089657.70110826,0,-95454.5454545454,-5367531.84077504,-10803.3877474794,0,-10034.5060606061,-577.756843486463,-1529.08072163501,-17168.9689042099,-23161.5527529066,-22836.7427607023,-3425.5605034148,-14565.3806879783,-11751.8446062909,5688.61814050385,1921.16482656916,95454.5454545454,18557.8759572966,1319414.087486,91081.1609466696,186363.636363636,0,22631.0563379864,3837.79076125208,23.4727272727268,9272.18562961185,2319.73449466208,40556.0304898968,37952.0922302107,38373.3826601789,3424.18679836826,35707.8504501413,30602.6395747741,5688.61814050385,1921.16482656916,1847726.96587503,19.3571396425003
"97","ASIS",97,-30205.6037234965,-3399372.86466836,-90728.2445289382,-281818.181818182,-5367531.84077504,-33672.6097889523,-3823.36911567751,-10057.6575757576,-9811.19142947984,-3775.70046543706,-57576.5495471852,-61717.0356380883,-60666.6824268292,-6880.64403024192,-50472.9740424234,-42330.3546504009,0,0,"Iniciativa1",-12318.4412181154,-2060462.57995163,0,-95454.5454545454,-5367531.84077504,-10777.7532190962,0,-10034.2333333333,-574.788933810858,-1539.80515226443,-17152.9204741692,-23159.8003100947,-22772.2348042171,-3431.89482919546,-14293.922938099,-11675.5805275478,5690.49829003305,1928.84033167951,95454.5454545454,17887.1625053811,1338910.28471673,90728.2445289382,186363.636363636,0,22894.8565698562,3823.36911567751,23.424242424242,9236.40249566898,2235.89531317263,40423.629073016,38557.2353279936,37894.447622612,3448.74920104646,36179.0511043244,30654.7741228531,5690.49829003305,1928.84033167951,1866880.50092504,19.5577957239766
"98","ASIS",98,-30459.2056696256,-3416213.24498459,-91086.6069443513,-281818.181818182,-5367531.84077504,-33807.6898372437,-3840.44357132195,-10057.4393939394,-9858.16622196077,-3807.4007087032,-56906.1412415169,-60763.9201660415,-61333.4640705854,-6947.99031151943,-49267.0404865739,-41158.9305923479,0,0,"Iniciativa1",-12201.4020027322,-2050841.74702653,0,-95454.5454545454,-5367531.84077504,-10510.8254123722,0,-10034.2757575758,-577.848059889014,-1525.17525034152,-17124.8043201388,-22961.4818670911,-22942.243093435,-3441.0367123184,-14524.6445433313,-11779.0874036077,5722.08967677308,1910.71080934165,95454.5454545454,18257.8036668934,1365371.49795807,91086.6069443513,186363.636363636,0,23296.8644248716,3840.44357132195,23.1636363636371,9280.31816207176,2282.22545836167,39781.3369213781,37802.4382989504,38391.2209771504,3506.95359920103,34742.3959432426,29379.8431887403,5722.08967677308,1910.71080934165,1891039.54960072,19.8108905196266
"99","ASIS",99,-30720.9719706739,-3466547.97936158,-90640.5107925256,-281818.181818182,-5367531.84077504,-34080.1215072534,-3801.66183894818,-10058.5575757576,-9725.14278696512,-3840.12149633424,-56785.0401289558,-60919.121071424,-61194.0145708452,-6867.61849636314,-49936.9103137565,-42036.5279429651,0,0,"Iniciativa1",-12144.0123850573,-2062973.78172549,0,-95454.5454545454,-5367531.84077504,-10684.9007035883,0,-10034.1363636364,-567.218717993995,-1518.00154813216,-17231.2135458769,-22747.7236551192,-23013.847051656,-3465.71428536538,-14597.0822483564,-11646.6209221844,5779.31051271973,1922.98674196052,95454.5454545454,18576.9595856166,1403574.19763609,90640.5107925256,186363.636363636,0,23395.2208036651,3801.66183894818,24.4212121212113,9157.92406897113,2322.11994820208,39553.8265830789,38171.3974163048,38180.1675191892,3401.90421099776,35339.8280654001,30389.9070207807,5779.31051271973,1922.98674196052,1930595.98032021,20.2252912224022
"100","ASIS",100,-30660.6074369773,-3475238.98448614,-91006.2847425928,-281818.181818182,-5367531.84077504,-34237.7918043508,-3849.53503450978,-10059.0484848485,-9801.17244786231,-3832.57592962216,-57438.6043343131,-60651.3784212131,-61210.1838370915,-6879.58358554871,-49498.8158310204,-41762.9218747174,0,0,"Iniciativa1",-12262.0691472504,-2054274.97472608,0,-95454.5454545454,-5367531.84077504,-10680.9215880987,0,-10034.0272727273,-581.198198679923,-1532.75864340629,-17162.870956312,-22763.0982230383,-22804.7348819346,-3413.30498076304,-14397.7687527776,-11685.0356174491,5685.17933385107,1913.01960600344,95454.5454545454,18398.5382897269,1420964.00976006,91006.2847425928,186363.636363636,0,23556.8702162522,3849.53503450978,25.0212121212116,9219.97424918239,2299.81728621586,40275.7333780012,37888.2801981748,38405.4489551568,3466.27860478567,35101.0470782428,30077.8862572684,5685.17933385107,1913.01960600344,1948496.56056578,20.4128211106891
